"County","State","Outbreak Date","Flock Type","Flock Size"
"Riverside","California","12-31-2024","Commercial Table Egg Layer","181300"
"Ottawa","Michigan","12-31-2024","Commercial Turkey Meat Bird","23600"
"Ottawa","Michigan","12-31-2024","Commercial Turkey Meat Bird","29600"
"Butte","California","12-31-2024","WOAH Non-Poultry","70"
"Miner","South Dakota","12-31-2024","WOAH Poultry","1500"
"Spartanburg","South Carolina","12-31-2024","Commercial Upland Gamebird Producer","920"
"Jackson","Michigan","12-31-2024","WOAH Non-Poultry","9"
"Copiah","Mississippi","12-30-2024","Commercial Broiler Production","210000"
"Tipton","Tennessee","12-30-2024","WOAH Non-Poultry","10"
"Johnson","Nebraska","12-30-2024","Commercial Broiler Production","213600"
"Twin Falls","Idaho","12-30-2024","WOAH Non-Poultry","30"
"Clay","Arkansas","12-30-2024","Commercial Broiler Production","227500"
"Edmunds","South Dakota","12-30-2023","Commercial Upland Gamebird Producer","1400"
"Sanilac","Michigan","12-30-2022","WOAH Non-Poultry","30"
"Snohomish","Washington","12-30-2022","WOAH Poultry","180"
"Carson","Texas","12-29-2023","WOAH Non-Poultry","30"
"Mcintosh","North Dakota","12-29-2023","WOAH Non-Poultry","110"
"Pierce","Washington","12-29-2022","WOAH Non-Poultry","40"
"Sonoma","California","12-28-2023","Commercial Table Egg Layer","52400"
"Sonoma","California","12-28-2023","Commercial Table Egg Layer","37300"
"Audrain","Missouri","12-28-2023","WOAH Poultry","330"
"Missoula","Montana","12-28-2023","WOAH Non-Poultry","6"
"Marin","California","12-28-2023","Commercial Table Egg Pullets","151000"
"Weakley","Tennessee","12-28-2022","Commercial Broiler Breeder","19000"
"Elk","Kansas","12-28-2022","WOAH Non-Poultry","30"
"Weakley","Tennessee","12-28-2022","Commercial Broiler Breeder","43600"
"Cooper","Missouri","12-27-2024","Commercial Turkey Breeder Hens","14900"
"Darke","Ohio","12-27-2024","Commercial Table Egg Layer","931300"
"Burnett","Wisconsin","12-27-2024","Commercial Turkey Meat Bird","18600"
"Sacramento","California","12-27-2024","Commercial Broiler Production","153800"
"Sheridan","Wyoming","12-27-2024","WOAH Non-Poultry","0"
"Coffey","Kansas","12-27-2024","WOAH Non-Poultry","50"
"Anderson","Kansas","12-27-2024","WOAH Non-Poultry","40"
"Ottawa","Michigan","12-27-2024","Commercial Turkey Meat Bird","113200"
"Pemiscot","Missouri","12-27-2024","WOAH Non-Poultry","70"
"Stanislaus","California","12-27-2024","Commercial Broiler Production","101700"
"Garfield","Oklahoma","12-27-2023","WOAH Non-Poultry","30"
"Muskegon","Michigan","12-27-2023","Commercial Turkey Meat Bird","31500"
"Todd","Minnesota","12-27-2023","Commercial Turkey Meat Bird","78800"
"Hardin","Ohio","12-27-2023","Commercial Table Egg Pullets","1363900"
"Northumberland","Pennsylvania","12-27-2023","Commercial Raised for Release Upland Game Bird","98300"
"Phillips","Kansas","12-26-2024","WOAH Non-Poultry","10"
"Merced","California","12-26-2023","Commercial Table Egg Layer","709000"
"Riverside","California","12-24-2024","Commercial Table Egg Layer","1105500"
"Adair","Oklahoma","12-24-2024","Commercial Turkey Meat Bird","45000"
"Cass","Missouri","12-24-2024","WOAH Non-Poultry","60"
"Adair","Oklahoma","12-24-2024","Commercial Turkey Meat Bird","81400"
"San Joaquin","California","12-24-2024","Commercial Table Egg Layer","627800"
"Franklin","Vermont","12-24-2024","WOAH Non-Poultry","20"
"Dade","Missouri","12-24-2024","WOAH Non-Poultry","90"
"Stanislaus","California","12-24-2024","Commercial Table Egg Layer","392100"
"Ottawa","Michigan","12-23-2024","Commercial Turkey Meat Bird","75500"
"El Dorado","California","12-23-2024","WOAH Non-Poultry","30"
"Lawrence","Illinois","12-23-2024","Commercial Turkey Meat Bird","40300"
"Glenn","California","12-22-2022","Commercial Upland Gamebird Producer","32000"
"Dodge","Nebraska","12-21-2023","WOAH Non-Poultry","40"
"Edmunds","South Dakota","12-21-2023","Commercial Upland Gamebird Producer","3800"
"Weakley","Tennessee","12-21-2022","WOAH Poultry","28800"
"Bates","Missouri","12-21-2022","WOAH Non-Poultry","30"
"Umatilla","Oregon","12-21-2022","WOAH Non-Poultry","10"
"St. Clair","Illinois","12-21-2022","WOAH Non-Poultry","60"
"Craighead","Arkansas","12-20-2024","WOAH Non-Poultry","50"
"Greene","Mississippi","12-20-2024","Commercial Broiler Breeder","26000"
"Sedgwick","Kansas","12-20-2024","WOAH Non-Poultry","30"
"Cooper","Missouri","12-20-2024","Commercial Turkey Breeder Hens","13000"
"Houston","Minnesota","12-20-2024","WOAH Non-Poultry","60"
"Chippewa","Minnesota","12-20-2024","Commercial Turkey Meat Bird","54800"
"Merced","California","12-20-2023","Commercial Turkey Meat Bird","73700"
"Charles Mix","South Dakota","12-20-2023","Commercial Upland Gamebird Producer","50"
"Mahaska","Iowa","12-20-2023","WOAH Non-Poultry","30"
"Benton","Oregon","12-20-2023","WOAH Non-Poultry","50"
"Merced","California","12-20-2023","Commercial Table Egg Layer","243300"
"Gem","Idaho","12-20-2022","WOAH Non-Poultry","80"
"Hanson","South Dakota","12-20-2022","Commercial Turkey Meat Bird","31800"
"Weld","Colorado","12-20-2022","Commercial Table Egg Layer","239700"
"Jackson","Arkansas","12-19-2024","WOAH Non-Poultry","230"
"Coos","Oregon","12-19-2024","WOAH Non-Poultry","40"
"Stearns","Minnesota","12-19-2024","Commercial Turkey Meat Bird","12600"
"Kenosha","Wisconsin","12-19-2024","WOAH Poultry","6"
"Greene","Ohio","12-19-2024","WOAH Poultry","110"
"Fillmore","Minnesota","12-19-2024","Commercial Turkey Meat Bird","28600"
"Cullman","Alabama","12-19-2024","Commercial Broiler Production","116000"
"Deschutes","Oregon","12-19-2024","WOAH Non-Poultry","90"
"Stanislaus","California","12-19-2024","Commercial Table Egg Layer","295800"
"Pickens","Alabama","12-19-2024","WOAH Non-Poultry","50"
"Muskegon","Michigan","12-19-2023","Commercial Turkey Meat Bird","47900"
"King","Washington","12-19-2023","WOAH Poultry","90"
"Mcpherson","Kansas","12-19-2023","WOAH Poultry","20000"
"Lassen","California","12-19-2023","WOAH Non-Poultry","90"
"Rice","Kansas","12-19-2023","Commercial Table Egg Layer","800000"
"Barton","Kansas","12-19-2023","WOAH Non-Poultry","70"
"Sonoma","California","12-19-2023","Commercial Duck Meat Bird","3600"
"Mendocino","California","12-19-2022","WOAH Non-Poultry","20"
"Rooks","Kansas","12-18-2024","Commercial Raised for Release Upland Game Bird","5300"
"Doniphan","Kansas","12-18-2024","Commercial Raised for Release Upland Game Bird","5700"
"Nelson","North Dakota","12-18-2024","WOAH Non-Poultry","60"
"Howard","Missouri","12-18-2024","WOAH Non-Poultry","60"
"Jefferson Davis","Louisiana","12-18-2024","WOAH Non-Poultry","30"
"Edmunds","South Dakota","12-18-2023","Commercial Upland Gamebird Producer","1000"
"Rice","Kansas","12-18-2023","WOAH Non-Poultry","100"
"Sonoma","California","12-18-2023","WOAH Poultry","38100"
"Sonoma","California","12-18-2023","Commercial Table Egg Layer","497700"
"Lancaster","Nebraska","12-17-2024","WOAH Poultry","290"
"O'brien","Iowa","12-17-2024","Commercial Table Egg Layer","351400"
"Worth","Iowa","12-17-2024","Commercial Turkey Meat Bird","19500"
"Sioux","Iowa","12-17-2024","Commercial Table Egg Layer","428600"
"Charles Mix","South Dakota","12-17-2024","Commercial Turkey Meat Bird","74800"
"Bon Homme","South Dakota","12-17-2024","Commercial Turkey Meat Bird","48700"
"Charles Mix","South Dakota","12-17-2024","WOAH Poultry","1800"
"Stanislaus","California","12-17-2024","Commercial Turkey Meat Bird","33100"
"Monona","Iowa","12-17-2024","WOAH Non-Poultry","30"
"Lemhi","Idaho","12-17-2024","WOAH Non-Poultry","20"
"Lemhi","Idaho","12-17-2024","WOAH Non-Poultry","150"
"Merced","California","12-16-2024","Commercial Turkey Meat Bird","53100"
"Sarpy","Nebraska","12-16-2024","WOAH Non-Poultry","30"
"Merced","California","12-16-2024","Commercial Table Egg Pullets","424700"
"Duval","Florida","12-16-2022","WOAH Non-Poultry","10"
"Weld","Colorado","12-16-2022","Commercial Table Egg Layer","1291000"
"Flathead","Montana","12-16-2022","WOAH Non-Poultry","0"
"Butte","California","12-16-2022","WOAH Non-Poultry","20"
"Latah","Idaho","12-15-2023","WOAH Poultry","200"
"Waseca","Minnesota","12-15-2023","WOAH Non-Poultry","90"
"Polk","Oregon","12-15-2022","WOAH Non-Poultry","20"
"Monterey","California","12-14-2024","Commercial Duck Breeder","13700"
"Tulare","California","12-14-2024","Commercial Duck Meat Bird","41100"
"Merced","California","12-14-2024","Commercial Duck Meat Bird","119000"
"Bossier","Louisiana","12-14-2024","WOAH Non-Poultry","40"
"Scott","Arkansas","12-14-2023","WOAH Non-Poultry","180"
"Clatsop","Oregon","12-14-2023","WOAH Non-Poultry","30"
"Darke","Ohio","12-14-2023","Commercial Table Egg Layer","522300"
"Knox","Nebraska","12-14-2022","WOAH Poultry","160"
"Redwood","Minnesota","12-14-2022","WOAH Non-Poultry","40"
"Franklin","Washington","12-14-2022","Commercial Table Egg Layer","1015500"
"Moody","South Dakota","12-14-2022","Commercial Table Egg Layer","1332100"
"Spink","South Dakota","12-14-2022","WOAH Poultry","280"
"Weakley","Tennessee","12-14-2022","WOAH Poultry","37900"
"Livingston","Illinois","12-13-2024","Commercial Turkey Breeder Hens","40900"
"Tulare","California","12-13-2024","Commercial Broiler Production","514500"
"Barron","Wisconsin","12-13-2024","Commercial Turkey Breeder Hens","13200"
"Rice","Kansas","12-13-2023","Commercial Table Egg Layer","700000"
"San Joaquin","California","12-13-2023","Commercial Duck Breeder","6000"
"Mcpherson","Kansas","12-13-2023","WOAH Poultry","20000"
"Merced","California","12-13-2023","Commercial Broiler Production","183100"
"Merced","California","12-13-2023","Commercial Table Egg Layer","1358600"
"Weld","Colorado","12-13-2023","WOAH Non-Poultry","30"
"Linn","Oregon","12-13-2022","WOAH Non-Poultry","20"
"Daviess","Indiana","12-13-2022","Commercial Turkey Meat Bird","11400"
"Columbia","Oregon","12-13-2022","WOAH Non-Poultry","100"
"Sac","Iowa","12-12-2024","Commercial Turkey Meat Bird","45200"
"Pope","Arkansas","12-12-2024","WOAH Non-Poultry","40"
"Kingsbury","South Dakota","12-12-2024","Commercial Turkey Meat Bird","39300"
"Craighead","Arkansas","12-12-2024","WOAH Non-Poultry","10"
"Lake","South Dakota","12-12-2023","Commercial Turkey Meat Bird","76000"
"Etowah","Alabama","12-12-2023","WOAH Non-Poultry","80"
"Dutchess","New York","12-12-2023","WOAH Poultry","4200"
"St. Louis","Missouri","12-12-2023","WOAH Non-Poultry","20"
"Hanson","South Dakota","12-12-2022","Commercial Turkey Meat Bird","23900"
"Cherokee","Iowa","12-12-2022","Commercial Turkey Meat Bird","50000"
"Sac","Iowa","12-12-2022","Commercial Turkey Meat Bird","50000"
"Wadena","Minnesota","12-12-2022","Commercial Turkey Meat Bird","298100"
"Ida","Iowa","12-12-2022","Commercial Turkey Meat Bird","90000"
"Buena Vista","Iowa","12-12-2022","Commercial Turkey Meat Bird","51200"
"Sioux","Iowa","12-11-2024","Commercial Table Egg Layer","1575700"
"Brule","South Dakota","12-11-2024","Commercial Turkey Meat Bird","50900"
"Dodge","Nebraska","12-11-2024","WOAH Non-Poultry","10"
"Adair","Oklahoma","12-11-2024","WOAH Poultry","40000"
"Palo Alto","Iowa","12-11-2024","Commercial Turkey Meat Bird","31100"
"Olmsted","Minnesota","12-11-2023","Commercial Turkey Breeder Hens","14400"
"Jewell","Kansas","12-10-2024","WOAH Non-Poultry","40"
"Moody","South Dakota","12-10-2024","Commercial Turkey Meat Bird","46700"
"Charles Mix","South Dakota","12-10-2024","Commercial Turkey Meat Bird","32400"
"La Plata","Colorado","12-10-2024","WOAH Non-Poultry","20"
"Daviess","Missouri","12-10-2024","WOAH Poultry","19900"
"Cedar","Missouri","12-10-2024","WOAH Non-Poultry","20"
"Beadle","South Dakota","12-10-2024","Commercial Turkey Meat Bird","52200"
"Franklin","Idaho","12-10-2024","WOAH Non-Poultry","40"
"Tulare","California","12-10-2024","Commercial Broiler Production","330200"
"Jefferson","Idaho","12-10-2024","WOAH Non-Poultry","60"
"Stanislaus","California","12-10-2024","Commercial Duck Breeder","81800"
"Kern","California","12-09-2024","WOAH Poultry","45400"
"Hutchinson","South Dakota","12-09-2024","Commercial Turkey Meat Bird","42800"
"Lafayette","Arkansas","12-09-2024","WOAH Non-Poultry","40"
"Beadle","South Dakota","12-09-2024","Commercial Turkey Meat Bird","50600"
"Onslow","North Carolina","12-09-2022","WOAH Non-Poultry","60"
"Prowers","Colorado","12-09-2022","Commercial Upland Gamebird Producer","11000"
"Polk","Oregon","12-09-2022","WOAH Non-Poultry","70"
"Osage","Missouri","12-09-2022","Commercial Turkey Meat Bird","19700"
"Clackamas","Oregon","12-09-2022","WOAH Non-Poultry","60"
"Charles Mix","South Dakota","12-08-2023","Commercial Turkey Meat Bird","32400"
"Barron","Wisconsin","12-08-2023","Commercial Turkey Meat Bird","70000"
"Barton","Kansas","12-08-2023","WOAH Non-Poultry","30"
"Mills","Iowa","12-08-2023","WOAH Non-Poultry","10"
"Hamlin","South Dakota","12-08-2022","Commercial Turkey Meat Bird","58100"
"Dodge","Minnesota","12-08-2022","Commercial Turkey Meat Bird","10000"
"Dade","Missouri","12-08-2022","WOAH Non-Poultry","30"
"Montmorency","Michigan","12-07-2023","WOAH Poultry","100"
"Carroll","Arkansas","12-07-2023","Commercial Turkey Meat Bird","33300"
"Darke","Ohio","12-07-2023","Commercial Turkey Meat Bird","15200"
"Stanislaus","California","12-07-2023","Commercial Broiler Production","258600"
"Sonoma","California","12-07-2023","Commercial Duck Meat Bird","4900"
"Orleans","Vermont","12-07-2023","WOAH Non-Poultry","40"
"Hardin","Ohio","12-07-2023","Commercial Table Egg Layer","2613600"
"Sac","Iowa","12-07-2022","Commercial Turkey Meat Bird","40000"
"Kingsbury","South Dakota","12-07-2022","WOAH Non-Poultry","70"
"Cherokee","Iowa","12-07-2022","Commercial Turkey Meat Bird","105000"
"Stanislaus","California","12-06-2024","WOAH Poultry","44100"
"Nemaha","Nebraska","12-06-2024","Commercial Turkey Breeder Hens","12400"
"Pitkin","Colorado","12-06-2024","WOAH Non-Poultry","50"
"Sioux","Iowa","12-06-2024","Commercial Table Egg Layer","4200000"
"Washakie","Wyoming","12-06-2024","WOAH Non-Poultry","20"
"Sonoma","California","12-06-2023","Commercial Table Egg Layer","232000"
"Bon Homme","South Dakota","12-06-2023","Commercial Turkey Meat Bird","47600"
"Becker","Minnesota","12-06-2023","Commercial Breeder Operation","20600"
"Hamlin","South Dakota","12-06-2023","Commercial Turkey Meat Bird","56200"
"Todd","Minnesota","12-06-2023","Commercial Turkey Meat Bird","64000"
"Lamoille","Vermont","12-06-2022","WOAH Non-Poultry","50"
"Larimer","Colorado","12-06-2022","WOAH Non-Poultry","2"
"Pawnee","Oklahoma","12-06-2022","WOAH Non-Poultry","30"
"Denton","Texas","12-06-2022","WOAH Non-Poultry","40"
"Harrison","Missouri","12-06-2022","WOAH Non-Poultry","30"
"Merced","California","12-05-2024","Commercial Table Egg Layer","306100"
"Merced","California","12-05-2024","Commercial Table Egg Layer","1723800"
"San Joaquin","California","12-05-2024","Commercial Duck Meat Bird","13000"
"Merced","California","12-05-2024","Commercial Table Egg Layer","793700"
"Stanislaus","California","12-05-2023","Commercial Broiler Production","254400"
"Otter Tail","Minnesota","12-05-2023","Commercial Turkey Meat Bird","26300"
"Stanislaus","California","12-05-2023","Commercial Broiler Production","239900"
"Spink","South Dakota","12-05-2023","Commercial Turkey Meat Bird","26600"
"Shawnee","Kansas","12-05-2023","WOAH Non-Poultry","70"
"Kingsbury","South Dakota","12-05-2023","WOAH Non-Poultry","370"
"Lawrence","Alabama","12-05-2022","WOAH Non-Poultry","460"
"Charles Mix","South Dakota","12-05-2022","Commercial Turkey Meat Bird","34100"
"Buena Vista","Iowa","12-05-2022","Commercial Turkey Meat Bird","40700"
"Clark","South Dakota","12-05-2022","Commercial Turkey Meat Bird","24300"
"Riverside","California","12-04-2024","WOAH Non-Poultry","70"
"Stanislaus","California","12-04-2024","Commercial Table Egg Layer","720800"
"Stanislaus","California","12-04-2024","Commercial Turkey Meat Bird","57700"
"Stanislaus","California","12-04-2024","Commercial Turkey Meat Bird","23100"
"Charles Mix","South Dakota","12-04-2024","Commercial Turkey Meat Bird","65200"
"Sacramento","California","12-04-2024","Commercial Turkey Meat Bird","61200"
"Pottawatomie","Kansas","12-04-2023","WOAH Non-Poultry","30"
"Barron","Wisconsin","12-04-2023","Commercial Turkey Meat Bird","113800"
"Mcpherson","South Dakota","12-04-2023","Commercial Turkey Meat Bird","40800"
"Johnson","Arkansas","12-04-2023","Commercial Broiler Production","109000"
"Douglas","Kansas","12-03-2024","WOAH Non-Poultry","100"
"Utah","Utah","12-03-2024","WOAH Non-Poultry","30"
"Adair","Oklahoma","12-03-2024","Commercial Broiler Breeder","63700"
"Fresno","California","12-03-2024","Commercial Broiler Production","237100"
"Mcpherson","South Dakota","12-03-2024","Commercial Turkey Meat Bird","78200"
"Spink","South Dakota","12-03-2024","Commercial Turkey Meat Bird","41400"
"Bottineau","North Dakota","12-02-2024","WOAH Poultry","30"
"Union","North Carolina","12-02-2022","WOAH Non-Poultry","9"
"Clark","South Dakota","12-02-2022","WOAH Non-Poultry","40"
"Knox","Nebraska","12-02-2022","WOAH Non-Poultry","10"
"Darke","Ohio","12-01-2023","Commercial Turkey Meat Bird","33000"
"Woodbury","Iowa","12-01-2023","WOAH Non-Poultry","40"
"Bay","Michigan","12-01-2023","WOAH Non-Poultry","60"
"Canyon","Idaho","12-01-2023","WOAH Non-Poultry","20"
"Lake","South Dakota","12-01-2022","Commercial Turkey Meat Bird","78000"
"Brookings","South Dakota","12-01-2022","WOAH Non-Poultry","210"
"Arkansas","Arkansas","12-01-2022","WOAH Non-Poultry","20"
"Jackson","Missouri","12-01-2022","WOAH Non-Poultry","30"
"Minnehaha","South Dakota","11-30-2023","WOAH Non-Poultry","80"
"Sonoma","California","11-30-2023","Commercial Table Egg Layer","82500"
"Bent","Colorado","11-30-2023","WOAH Poultry","4100"
"Lewis And Clark","Montana","11-30-2023","WOAH Non-Poultry","6"
"San Benito","California","11-30-2023","Commercial Duck Breeder","5000"
"Grundy","Illinois","11-30-2022","WOAH Poultry","8800"
"Charles Mix","South Dakota","11-30-2022","Commercial Turkey Meat Bird","75100"
"Hamlin","South Dakota","11-30-2022","Commercial Turkey Meat Bird","50000"
"Merced","California","11-29-2024","Commercial Turkey Meat Bird","25200"
"Fresno","California","11-29-2024","Commercial Broiler Production","266400"
"Fresno","California","11-29-2024","Commercial Duck Breeder","23100"
"Tulare","California","11-29-2024","Commercial Duck Breeder","26500"
"Gibson","Tennessee","11-29-2024","Commercial Broiler Breeder","37700"
"Meeker","Minnesota","11-29-2024","Commercial Turkey Meat Bird","223800"
"Otter Tail","Minnesota","11-29-2023","Commercial Turkey Meat Bird","18800"
"Carroll","Arkansas","11-29-2023","Commercial Broiler Production","81200"
"Morgan","Colorado","11-29-2023","WOAH Non-Poultry","60"
"Woodbury","Iowa","11-29-2023","WOAH Non-Poultry","10"
"Dickey","North Dakota","11-29-2023","WOAH Poultry","130"
"Douglas","Minnesota","11-29-2023","Commercial Turkey Meat Bird","13500"
"Becker","Minnesota","11-29-2023","Commercial Turkey Breeder Hens","23200"
"Washington","Maryland","11-29-2022","Commercial Table Egg Breeder","24600"
"Spink","South Dakota","11-29-2022","Commercial Turkey Meat Bird","32900"
"Hanson","South Dakota","11-29-2022","Commercial Turkey Meat Bird","71600"
"Dickey","North Dakota","11-28-2023","Commercial Turkey Meat Bird","60300"
"Sioux","Iowa","11-28-2023","Commercial Table Egg Layer","1616300"
"Trempealeau","Wisconsin","11-28-2023","Commercial Turkey Meat Bird","23500"
"Yankton","South Dakota","11-28-2023","Commercial Turkey Meat Bird","49000"
"Mcpherson","South Dakota","11-28-2023","Commercial Turkey Meat Bird","61800"
"Colfax","Nebraska","11-28-2023","WOAH Non-Poultry","20"
"Emmons","North Dakota","11-28-2023","WOAH Non-Poultry","60"
"Pierce","Washington","11-28-2023","WOAH Non-Poultry","540"
"Trempealeau","Wisconsin","11-28-2023","Commercial Turkey Meat Bird","48700"
"Webster","Missouri","11-28-2022","Commercial Turkey Meat Bird","15100"
"Iron","Utah","11-28-2022","WOAH Poultry","3000"
"Faulk","South Dakota","11-27-2024","Commercial Turkey Meat Bird","56000"
"Union","Oregon","11-27-2024","WOAH Non-Poultry","30"
"Meeker","Minnesota","11-27-2024","Commercial Turkey Meat Bird","24700"
"Ransom","North Dakota","11-27-2024","Commercial Turkey Meat Bird","59500"
"Beadle","South Dakota","11-27-2024","Commercial Turkey Meat Bird","41100"
"Sanpete","Utah","11-27-2024","Commercial Turkey Meat Bird","51800"
"Sonoma","California","11-27-2023","Commercial Duck Breeder","205500"
"Brown","Minnesota","11-27-2023","Commercial Turkey Breeder Hens","7800"
"Matanuska Susitna","Alaska","11-26-2024","WOAH Non-Poultry","70"
"Meeker","Minnesota","11-25-2024","Commercial Turkey Meat Bird","30500"
"Dixon","Nebraska","11-25-2022","Commercial Table Egg Layer","1700000"
"Turner","South Dakota","11-25-2022","WOAH Non-Poultry","210"
"Spink","South Dakota","11-25-2022","Commercial Turkey Meat Bird","55500"
"Beadle","South Dakota","11-25-2022","Commercial Turkey Meat Bird","67900"
"Durham","North Carolina","11-25-2022","WOAH Non-Poultry","30"
"Matanuska Susitna","Alaska","11-25-2022","WOAH Non-Poultry","40"
"Beadle","South Dakota","11-25-2022","Commercial Turkey Meat Bird","50700"
"Clackamas","Oregon","11-24-2023","WOAH Non-Poultry","10"
"Kandiyohi","Minnesota","11-24-2023","Commercial Turkey Breeder Hens","7300"
"Otter Tail","Minnesota","11-24-2023","Commercial Breeder Operation","19400"
"Freeborn","Minnesota","11-24-2023","WOAH Non-Poultry","8"
"Davidson","Tennessee","11-23-2022","WOAH Non-Poultry","10"
"Faulk","South Dakota","11-23-2022","Commercial Turkey Meat Bird","49900"
"Todd","Minnesota","11-23-2022","Commercial Turkey Meat Bird","44500"
"Columbia","Oregon","11-23-2022","WOAH Non-Poultry","30"
"Broward","Florida","11-23-2022","WOAH Non-Poultry","10"
"Brule","South Dakota","11-23-2022","WOAH Non-Poultry","30"
"Mchenry","North Dakota","11-22-2024","WOAH Poultry","80"
"Merced","California","11-22-2024","Commercial Table Egg Pullets","538600"
"Trempealeau","Wisconsin","11-22-2023","Commercial Turkey Meat Bird","51300"
"Stearns","Minnesota","11-22-2023","Commercial Turkey Meat Bird","34200"
"Brule","South Dakota","11-22-2023","Commercial Turkey Meat Bird","45100"
"Otter Tail","Minnesota","11-22-2023","Commercial Turkey Meat Bird","28000"
"Beadle","South Dakota","11-22-2022","Commercial Turkey Meat Bird","29200"
"Webster","Missouri","11-22-2022","WOAH Poultry","9100"
"Madera","California","11-21-2024","WOAH Non-Poultry","0"
"Lemhi","Idaho","11-21-2024","WOAH Non-Poultry","20"
"Roger Mills","Oklahoma","11-21-2024","WOAH Non-Poultry","0"
"Tulare","California","11-21-2024","Commercial Duck Meat Bird","96900"
"Salt Lake","Utah","11-21-2024","WOAH Non-Poultry","30"
"Piute","Utah","11-21-2024","Commercial Turkey Meat Bird","35500"
"Maricopa","Arizona","11-21-2024","WOAH Non-Poultry","490"
"Kingsbury","South Dakota","11-21-2023","Commercial Turkey Meat Bird","28800"
"Caroline","Maryland","11-21-2023","Commercial Broiler Production","192900"
"Brown","Minnesota","11-21-2023","Commercial Turkey Breeder Hens","6400"
"Broward","Florida","11-21-2023","WOAH Non-Poultry","5"
"Beadle","South Dakota","11-21-2023","Commercial Turkey Meat Bird","78200"
"Clark","South Dakota","11-21-2023","Commercial Turkey Meat Bird","57400"
"Big Stone","Minnesota","11-21-2023","Commercial Turkey Meat Bird","78500"
"Clark","South Dakota","11-21-2023","Commercial Turkey Meat Bird","23600"
"Kandiyohi","Minnesota","11-21-2023","Commercial Breeder Operation","8400"
"Union","Ohio","11-21-2023","Commercial Table Egg Layer","1348900"
"Sumter","Georgia","11-21-2023","Commercial Raised for Release Waterfowl","30000"
"Grimes","Texas","11-21-2023","WOAH Non-Poultry","60"
"Washington","Maine","11-21-2022","WOAH Non-Poultry","90"
"Edmunds","South Dakota","11-21-2022","Commercial Turkey Meat Bird","34400"
"Kern","California","11-20-2024","Commercial Table Egg Layer","1022400"
"Matanuska Susitna","Alaska","11-20-2024","WOAH Non-Poultry","40"
"Marin","California","11-20-2024","Commercial Duck Meat Bird","6500"
"Swift","Minnesota","11-20-2023","Commercial Turkey Meat Bird","134300"
"Walworth","South Dakota","11-20-2023","WOAH Non-Poultry","0"
"Taylor","Wisconsin","11-20-2023","WOAH Non-Poultry","8"
"San Juan","New Mexico","11-20-2023","WOAH Non-Poultry","20"
"Edmunds","South Dakota","11-20-2023","Commercial Turkey Breeder Hens","19200"
"Day","South Dakota","11-20-2023","WOAH Poultry","60"
"Fresno","California","11-20-2023","Commercial Duck Breeder","23400"
"Edmunds","South Dakota","11-20-2023","Commercial Turkey Meat Bird","33400"
"Edmunds","South Dakota","11-20-2023","Commercial Turkey Breeder Replacement Hens","30100"
"Merced","California","11-19-2024","Commercial Turkey Meat Bird","38200"
"Lake","South Dakota","11-19-2024","WOAH Non-Poultry","20"
"Henry","Illinois","11-19-2024","WOAH Poultry","5600"
"Whatcom","Washington","11-19-2024","WOAH Non-Poultry","40"
"Fresno","California","11-19-2024","Commercial Broiler Production","172800"
"Martin","Minnesota","11-18-2024","WOAH Non-Poultry","40"
"Honolulu","Hawaii","11-18-2024","WOAH Non-Poultry","9"
"Martin","Minnesota","11-18-2024","WOAH Non-Poultry","30"
"Union","North Carolina","11-18-2022","WOAH Non-Poultry","50"
"Utah","Utah","11-18-2022","WOAH Non-Poultry","270"
"Fall River","South Dakota","11-17-2023","WOAH Non-Poultry","80"
"Broward","Florida","11-17-2022","WOAH Non-Poultry","20"
"Berks","Pennsylvania","11-17-2022","WOAH Non-Poultry","30"
"Marion","Oregon","11-16-2023","Commercial Broiler Production","123500"
"Linn","Oregon","11-16-2023","Commercial Broiler Production","630700"
"Duval","Florida","11-16-2023","WOAH Non-Poultry","50"
"Stearns","Minnesota","11-16-2023","Commercial Turkey Meat Bird","43100"
"Benton","Iowa","11-16-2023","WOAH Non-Poultry","90"
"Fresno","California","11-16-2022","Commercial Duck Breeder","34700"
"Hillsborough","Florida","11-16-2022","WOAH Non-Poultry","100"
"Seminole","Florida","11-16-2022","WOAH Poultry","100"
"Honolulu","Hawaii","11-15-2024","WOAH Non-Poultry","70"
"Stanislaus","California","11-15-2024","Commercial Turkey Meat Bird","21500"
"Piute","Utah","11-15-2024","Commercial Turkey Meat Bird","35000"
"Edmunds","South Dakota","11-15-2023","Commercial Turkey Breeder Replacement Hens","24500"
"Lamoure","North Dakota","11-15-2023","Commercial Turkey Meat Bird","25100"
"Mcintosh","North Dakota","11-15-2023","WOAH Poultry","100"
"Cass","Michigan","11-15-2023","WOAH Non-Poultry","20"
"Otter Tail","Minnesota","11-15-2022","Commercial Turkey Meat Bird","28200"
"Bledsoe","Tennessee","11-15-2022","Commercial Broiler Breeder","20900"
"Duval","Florida","11-15-2022","WOAH Non-Poultry","30"
"Fresno","California","11-14-2024","Commercial Turkey Meat Bird","39600"
"Fresno","California","11-14-2024","Commercial Turkey Meat Bird","17500"
"Fresno","California","11-14-2024","Commercial Turkey Meat Bird","17700"
"Weld","Colorado","11-14-2024","WOAH Non-Poultry","80"
"Kings","California","11-14-2024","Commercial Broiler Production","53300"
"Fresno","California","11-14-2024","Commercial Broiler Production","259000"
"Kings","California","11-14-2024","WOAH Non-Poultry","8"
"Merced","California","11-14-2024","Commercial Turkey Meat Bird","53200"
"San Joaquin","California","11-14-2024","Commercial Broiler Production","29100"
"Kings","California","11-14-2024","Commercial Broiler Production","279300"
"Deschutes","Oregon","11-14-2023","WOAH Non-Poultry","30"
"Jones","Iowa","11-14-2023","WOAH Non-Poultry","20"
"Cerro Gordo","Iowa","11-14-2023","WOAH Non-Poultry","80"
"Marion","Oregon","11-14-2023","WOAH Non-Poultry","5"
"Ellis","Texas","11-14-2023","WOAH Non-Poultry","50"
"Redwood","Minnesota","11-14-2023","Commercial Turkey Meat Bird","18700"
"Kandiyohi","Minnesota","11-14-2023","Commercial Turkey Meat Bird","35600"
"Missoula","Montana","11-14-2023","WOAH Non-Poultry","4"
"Jasper","Missouri","11-14-2023","Commercial Turkey Meat Bird","29300"
"Kossuth","Iowa","11-14-2023","WOAH Poultry","13000"
"Taylor","Iowa","11-14-2023","Commercial Table Egg Layer","1121100"
"Lowndes","Mississippi","11-14-2022","WOAH Non-Poultry","8"
"Malheur","Oregon","11-13-2024","WOAH Non-Poultry","8"
"Pinal","Arizona","11-13-2024","Commercial Table Egg Layer","829200"
"Mcintosh","North Dakota","11-13-2023","WOAH Non-Poultry","50"
"Bonneville","Idaho","11-13-2023","WOAH Non-Poultry","50"
"Montrose","Colorado","11-13-2023","WOAH Non-Poultry","50"
"Piute","Utah","11-12-2024","Commercial Turkey Meat Bird","37500"
"Fresno","California","11-12-2024","Commercial Turkey Meat Bird","34800"
"Tulare","California","11-12-2024","WOAH Non-Poultry","120"
"Missoula","Montana","11-12-2024","WOAH Poultry","280"
"Kern","California","11-12-2024","Commercial Table Egg Layer","2155100"
"Fresno","California","11-12-2024","Commercial Broiler Production","237700"
"Queens","New York","11-12-2022","Live Bird Market","170"
"Lapeer","Michigan","11-10-2022","WOAH Poultry","990"
"Mountrail","North Dakota","11-10-2022","WOAH Non-Poultry","40"
"Lehigh","Pennsylvania","11-10-2022","Commercial Turkey Breeder Toms","160"
"Lehigh","Pennsylvania","11-10-2022","Commercial Turkey Meat Bird","18500"
"Ward","North Dakota","11-10-2022","WOAH Poultry","20"
"Sweet Grass","Montana","11-09-2023","WOAH Non-Poultry","3"
"Wheatland","Montana","11-09-2023","WOAH Poultry","4500"
"Mcpherson","South Dakota","11-09-2023","Commercial Turkey Meat Bird","58400"
"Roberts","South Dakota","11-09-2023","Commercial Turkey Meat Bird","51200"
"Steele","Minnesota","11-09-2023","Commercial Turkey Meat Bird","46900"
"Redwood","Minnesota","11-09-2023","Commercial Turkey Meat Bird","18500"
"Utah","Utah","11-08-2023","WOAH Non-Poultry","60"
"Kossuth","Iowa","11-08-2023","WOAH Poultry","8200"
"Clark","South Dakota","11-08-2023","Commercial Upland Gamebird Producer","8500"
"Matanuska Susitna","Alaska","11-08-2023","WOAH Non-Poultry","40"
"Charles Mix","South Dakota","11-08-2023","Commercial Turkey Meat Bird","74100"
"Snohomish","Washington","11-08-2022","WOAH Non-Poultry","150"
"Lehigh","Pennsylvania","11-08-2022","Commercial Turkey Breeder Hens","7500"
"Lehigh","Pennsylvania","11-08-2022","Commercial Turkey Meat Bird","17400"
"Louisa","Iowa","11-08-2022","WOAH Non-Poultry","20"
"Snohomish","Washington","11-07-2024","WOAH Non-Poultry","170"
"Stearns","Minnesota","11-07-2023","Commercial Turkey Meat Bird","70900"
"Butler","Ohio","11-07-2022","WOAH Poultry","150"
"Jefferson","Wisconsin","11-07-2022","Commercial Upland Gamebird Producer","187900"
"Gloucester","Virginia","11-07-2022","WOAH Non-Poultry","80"
"Converse","Wyoming","11-07-2022","WOAH Non-Poultry","20"
"Benton","Missouri","11-06-2023","Commercial Broiler Breeder","16600"
"Clay","Iowa","11-06-2023","WOAH Poultry","1700"
"Hamilton","Iowa","11-06-2023","Commercial Breeder (Multiple Bird Species)","15000"
"Wright","Iowa","11-06-2022","Commercial Table Egg Layer","1022800"
"Lehigh","Pennsylvania","11-04-2022","Commercial Turkey Meat Bird","14500"
"Sullivan","New York","11-04-2022","WOAH Non-Poultry","140"
"Lawrence","Mississippi","11-04-2022","Commercial Broiler Breeder","34400"
"Dauphin","Pennsylvania","11-04-2022","WOAH Non-Poultry","130"
"Wright","Minnesota","11-03-2023","Commercial Table Egg Layer","940000"
"Mcpherson","South Dakota","11-03-2023","Commercial Turkey Breeder Hens","26800"
"Clay","Iowa","11-03-2023","WOAH Poultry","7700"
"Clay","Iowa","11-03-2023","WOAH Poultry","8300"
"Yamhill","Oregon","11-03-2022","WOAH Poultry","150"
"Marathon","Wisconsin","11-03-2022","WOAH Non-Poultry","30"
"San Diego","California","11-03-2022","WOAH Poultry","150"
"Bottineau","North Dakota","11-03-2022","WOAH Poultry","130"
"Beaufort","South Carolina","11-03-2022","WOAH Non-Poultry","170"
"Middlesex","Massachusetts","11-03-2022","WOAH Non-Poultry","20"
"Yavapai","Arizona","11-03-2022","WOAH Non-Poultry","30"
"Broward","Florida","11-03-2022","WOAH Non-Poultry","70"
"Lehigh","Pennsylvania","11-03-2022","Commercial Turkey Meat Bird","28500"
"Sonoma","California","11-02-2024","WOAH Non-Poultry","30"
"Sacramento","California","11-02-2024","Commercial Turkey Meat Bird","48300"
"Marshall","Alabama","11-02-2023","Commercial Broiler Breeder Pullets","47900"
"Grady","Oklahoma","11-02-2023","WOAH Non-Poultry","120"
"Bergen","New Jersey","11-02-2022","WOAH Non-Poultry","60"
"Allegheny","Pennsylvania","11-02-2022","WOAH Non-Poultry","20"
"Waukesha","Wisconsin","11-02-2022","WOAH Non-Poultry","10"
"Yavapai","Arizona","11-02-2022","WOAH Non-Poultry","50"
"Jackson","Oregon","11-01-2024","WOAH Non-Poultry","60"
"Okanogan","Washington","11-01-2024","WOAH Non-Poultry","20"
"Flathead","Montana","11-01-2024","WOAH Non-Poultry","40"
"Stevens","Washington","11-01-2024","WOAH Non-Poultry","130"
"Buena Vista","Iowa","11-01-2023","Commercial Turkey Meat Bird","30000"
"Gregory","South Dakota","11-01-2022","Commercial Upland Gamebird Producer","3000"
"Wayne","New York","11-01-2022","WOAH Non-Poultry","10"
"Granite","Montana","11-01-2022","WOAH Poultry","40"
"Stearns","Minnesota","11-01-2022","Commercial Turkey Meat Bird","8500"
"Deschutes","Oregon","11-01-2022","WOAH Non-Poultry","8"
"Beadle","South Dakota","10-31-2023","Commercial Turkey Meat Bird","29700"
"Meeker","Minnesota","10-31-2023","Commercial Turkey Meat Bird","32100"
"Lincoln","Tennessee","10-31-2023","WOAH Non-Poultry","100"
"Madison","Arkansas","10-31-2023","Commercial Broiler Breeder Pullets","31600"
"Wagoner","Oklahoma","10-31-2023","WOAH Non-Poultry","50"
"Wright","Iowa","10-31-2022","Commercial Table Egg Layer","1100000"
"Tipton","Tennessee","10-31-2022","WOAH Non-Poultry","90"
"Swift","Minnesota","10-31-2022","Commercial Turkey Meat Bird","45600"
"Venango","Pennsylvania","10-30-2024","WOAH Non-Poultry","20"
"Kings","California","10-30-2024","Commercial Broiler Production","117200"
"Fresno","California","10-30-2024","Commercial Broiler Production","204600"
"Tulare","California","10-29-2024","WOAH Non-Poultry","10"
"Kings","California","10-29-2024","Commercial Broiler Production","305500"
"Kings","California","10-29-2024","Commercial Broiler Production","104500"
"Matanuska Susitna","Alaska","10-28-2023","WOAH Non-Poultry","50"
"Matanuska Susitna","Alaska","10-28-2023","WOAH Non-Poultry","30"
"Hillsborough","Florida","10-28-2022","WOAH Non-Poultry","40"
"Kittitas","Washington","10-27-2023","WOAH Poultry","70"
"Chilton","Alabama","10-27-2023","Commercial Upland Gamebird Producer","306500"
"Le Sueur","Minnesota","10-27-2022","Commercial Turkey Meat Bird","20100"
"Stearns","Minnesota","10-27-2022","Commercial Turkey Meat Bird","75000"
"Merced","California","10-26-2023","Commercial Turkey Meat Bird","31600"
"Pasco","Florida","10-26-2022","WOAH Non-Poultry","40"
"La Plata","Colorado","10-26-2022","WOAH Non-Poultry","20"
"Crook","Oregon","10-25-2024","WOAH Non-Poultry","180"
"Lewis","Washington","10-25-2024","WOAH Non-Poultry","60"
"Meeker","Minnesota","10-25-2023","Commercial Turkey Meat Bird","33000"
"Beadle","South Dakota","10-25-2023","Commercial Turkey Meat Bird","51100"
"Pine","Minnesota","10-25-2023","WOAH Non-Poultry","30"
"Brown","Minnesota","10-25-2023","WOAH Non-Poultry","20"
"Hanson","South Dakota","10-25-2023","Commercial Turkey Meat Bird","13400"
"Clark","South Dakota","10-25-2023","Commercial Turkey Meat Bird","31100"
"Union","Oregon","10-25-2023","WOAH Non-Poultry","30"
"Indian River","Florida","10-25-2022","WOAH Non-Poultry","30"
"Swift","Minnesota","10-25-2022","Commercial Turkey Meat Bird","33800"
"Sanpete","Utah","10-25-2022","Commercial Turkey Meat Bird","3900"
"Grant","South Dakota","10-25-2022","WOAH Non-Poultry","50"
"Lake","Florida","10-25-2022","WOAH Non-Poultry","9"
"Martin","Florida","10-25-2022","WOAH Non-Poultry","30"
"Indian River","Florida","10-25-2022","WOAH Poultry","50"
"Tulare","California","10-24-2024","Commercial Broiler Production","6000"
"Kandiyohi","Minnesota","10-24-2023","Commercial Turkey Meat Bird","53700"
"Blue Earth","Minnesota","10-24-2023","Commercial Turkey Meat Bird","11900"
"Pocahontas","Iowa","10-24-2023","Commercial Turkey Meat Bird","50000"
"Guthrie","Iowa","10-24-2023","WOAH Non-Poultry","50"
"Clackamas","Oregon","10-23-2024","Commercial Table Egg Layer","150000"
"Buena Vista","Iowa","10-23-2023","Commercial Turkey Meat Bird","49100"
"Ocean","New Jersey","10-22-2022","WOAH Non-Poultry","90"
"Southampton","Virginia","10-22-2022","WOAH Non-Poultry","170"
"Cleveland","Oklahoma","10-21-2022","WOAH Non-Poultry","30"
"Itasca","Minnesota","10-21-2022","WOAH Non-Poultry","40"
"Wake","North Carolina","10-21-2022","WOAH Non-Poultry","170"
"Union","Oregon","10-20-2023","WOAH Poultry","100"
"Newport","Rhode Island","10-20-2022","WOAH Non-Poultry","60"
"Hill","Montana","10-20-2022","WOAH Non-Poultry","60"
"Creek","Oklahoma","10-20-2022","WOAH Non-Poultry","50"
"Dallas","Iowa","10-20-2022","WOAH Non-Poultry","50"
"Virginia Beach City","Virginia","10-20-2022","WOAH Non-Poultry","10"
"Valley","Idaho","10-20-2022","WOAH Non-Poultry","20"
"Jefferson","Colorado","10-20-2022","WOAH Poultry","50"
"Indian River","Florida","10-20-2022","WOAH Non-Poultry","60"
"Okeechobee","Florida","10-20-2022","WOAH Non-Poultry","2"
"Spink","South Dakota","10-20-2022","WOAH Non-Poultry","160"
"Park","Montana","10-19-2023","WOAH Non-Poultry","3"
"Becker","Minnesota","10-19-2023","Commercial Breeder Operation","20200"
"Spink","South Dakota","10-19-2023","Commercial Turkey Meat Bird","34000"
"Sanpete","Utah","10-19-2022","Commercial Turkey Meat Bird","9400"
"Shawnee","Kansas","10-19-2022","WOAH Poultry","120"
"Roberts","South Dakota","10-19-2022","Commercial Breeder Operation","3600"
"Rockwall","Texas","10-19-2022","WOAH Non-Poultry","50"
"Redwood","Minnesota","10-18-2023","Commercial Turkey Meat Bird","8900"
"Blue Earth","Minnesota","10-18-2023","Commercial Turkey Meat Bird","11500"
"Indian River","Florida","10-18-2022","WOAH Non-Poultry","300"
"York","Nebraska","10-18-2022","Commercial Upland Gamebird Producer","34900"
"Jackson","Missouri","10-18-2022","WOAH Non-Poultry","40"
"Traill","North Dakota","10-18-2022","WOAH Non-Poultry","90"
"Osceola","Florida","10-18-2022","WOAH Non-Poultry","20"
"Sanpete","Utah","10-18-2022","Commercial Turkey Meat Bird","100800"
"St. Lucie","Florida","10-18-2022","WOAH Non-Poultry","6"
"Kitsap","Washington","10-17-2024","WOAH Non-Poultry","60"
"Mcpherson","South Dakota","10-17-2023","Commercial Turkey Meat Bird","65000"
"King","Washington","10-17-2023","WOAH Non-Poultry","10"
"Becker","Minnesota","10-17-2023","Commercial Turkey Breeder Toms","2700"
"Faulk","South Dakota","10-17-2023","Commercial Turkey Meat Bird","49700"
"Nye","Nevada","10-17-2022","WOAH Poultry","1600"
"Adams","Pennsylvania","10-17-2022","Commercial Turkey Meat Bird","15100"
"Tulare","California","10-16-2024","Commercial Broiler Production","786600"
"Carter","Oklahoma","10-16-2023","WOAH Non-Poultry","80"
"Cache","Utah","10-15-2024","Commercial Table Egg Layer","1852900"
"Franklin","Washington","10-15-2024","Commercial Table Egg Layer","839700"
"Tulsa","Oklahoma","10-14-2022","WOAH Non-Poultry","30"
"Pope","Arkansas","10-14-2022","WOAH Non-Poultry","470"
"Matanuska Susitna","Alaska","10-14-2022","WOAH Poultry","1000"
"La Plata","Colorado","10-14-2022","WOAH Non-Poultry","40"
"Larimer","Colorado","10-14-2022","WOAH Non-Poultry","20"
"Broward","Florida","10-14-2022","WOAH Poultry","300"
"Meeker","Minnesota","10-13-2023","Commercial Turkey Meat Bird","71000"
"Flathead","Montana","10-13-2023","WOAH Non-Poultry","8"
"Golden Valley","North Dakota","10-13-2023","WOAH Non-Poultry","90"
"Saint Croix","Wisconsin","10-13-2022","WOAH Non-Poultry","20"
"Warren","New Jersey","10-13-2022","WOAH Non-Poultry","6"
"Sanpete","Utah","10-13-2022","Commercial Turkey Meat Bird","100000"
"Stanislaus","California","10-13-2022","Commercial Turkey Meat Bird","54900"
"Williams","North Dakota","10-12-2023","WOAH Non-Poultry","10"
"Weld","Colorado","10-12-2023","WOAH Non-Poultry","30"
"Fremont","Wyoming","10-12-2022","WOAH Non-Poultry","30"
"Sanpete","Utah","10-12-2022","Commercial Turkey Meat Bird","52800"
"Genesee","Michigan","10-12-2022","WOAH Non-Poultry","20"
"Beadle","South Dakota","10-12-2022","Commercial Turkey Meat Bird","71400"
"Hamlin","South Dakota","10-12-2022","WOAH Non-Poultry","20"
"Weld","Colorado","10-12-2022","WOAH Non-Poultry","40"
"Meeker","Minnesota","10-11-2023","Commercial Turkey Meat Bird","115000"
"Logan","Kentucky","10-11-2022","WOAH Non-Poultry","190"
"Adams","Pennsylvania","10-11-2022","WOAH Poultry","2800"
"Martin","Florida","10-11-2022","WOAH Non-Poultry","50"
"Broward","Florida","10-11-2022","WOAH Non-Poultry","40"
"Lapeer","Michigan","10-11-2022","WOAH Poultry","40"
"Gregory","South Dakota","10-11-2022","Commercial Upland Gamebird Producer","200"
"Glacier","Montana","10-10-2023","WOAH Poultry","77100"
"Miami-dade","Florida","10-07-2024","Live Bird Sales  (non-slaughter)","70"
"Johnson","Kansas","10-07-2022","WOAH Poultry","6"
"Neosho","Kansas","10-07-2022","WOAH Poultry","2000"
"Pope","Minnesota","10-07-2022","WOAH Non-Poultry","30"
"Sanpete","Utah","10-07-2022","Commercial Turkey Meat Bird","26700"
"Sanpete","Utah","10-07-2022","Commercial Turkey Meat Bird","38900"
"Boulder","Colorado","10-07-2022","WOAH Poultry","600"
"Lapeer","Michigan","10-07-2022","WOAH Poultry","100"
"Madison","Arkansas","10-07-2022","Commercial Broiler Breeder Pullets","56000"
"Sanpete","Utah","10-06-2023","Commercial Turkey Meat Bird","7600"
"Sanpete","Utah","10-06-2023","Commercial Turkey Meat Bird","134200"
"Brule","South Dakota","10-06-2022","Commercial Upland Gamebird Producer","500"
"Fayette","Kentucky","10-06-2022","WOAH Poultry","150"
"Hampton City","Virginia","10-06-2022","WOAH Non-Poultry","40"
"Monroe","Pennsylvania","10-05-2022","WOAH Non-Poultry","40"
"Matanuska Susitna","Alaska","10-05-2022","WOAH Non-Poultry","40"
"Matanuska Susitna","Alaska","10-05-2022","WOAH Poultry","10"
"Berks","Pennsylvania","10-05-2022","WOAH Non-Poultry","10"
"Glacier","Montana","10-05-2022","WOAH Non-Poultry","1100"
"New Haven","Connecticut","10-05-2022","WOAH Non-Poultry","50"
"Jerauld","South Dakota","10-04-2023","Commercial Turkey Meat Bird","47300"
"York","Nebraska","10-04-2022","Commercial Upland Gamebird Producer","139500"
"Westmoreland","Pennsylvania","10-04-2022","WOAH Non-Poultry","160"
"Monterey","California","10-04-2022","Commercial Duck Breeder","15100"
"Del Norte","California","10-04-2022","WOAH Poultry","43000"
"Box Butte","Nebraska","10-04-2022","WOAH Non-Poultry","100"
"Bernalillo","New Mexico","10-04-2022","WOAH Non-Poultry","40"
"Canyon","Idaho","10-03-2024","WOAH Poultry","100"
"Canyon","Idaho","10-03-2023","WOAH Non-Poultry","70"
"Cache","Utah","10-03-2022","WOAH Non-Poultry","320"
"Portage","Ohio","10-03-2022","WOAH Non-Poultry","50"
"Stanislaus","California","10-03-2022","Commercial Turkey Meat Bird","51000"
"Tuscola","Michigan","10-03-2022","WOAH Poultry","140"
"Calaveras","California","10-03-2022","WOAH Non-Poultry","20"
"Nelson","North Dakota","09-30-2022","WOAH Non-Poultry","50"
"Douglas","Oregon","09-30-2022","WOAH Non-Poultry","30"
"York","Pennsylvania","09-29-2022","Commercial Turkey Meat Bird","25900"
"Sanpete","Utah","09-29-2022","Commercial Turkey Meat Bird","19900"
"Mesa","Colorado","09-29-2022","WOAH Non-Poultry","40"
"Dunn","Wisconsin","09-29-2022","Commercial Turkey Meat Bird","79500"
"Lancaster","Pennsylvania","09-29-2022","WOAH Non-Poultry","180"
"Sanpete","Utah","09-29-2022","Commercial Turkey Meat Bird","19300"
"Tillamook","Oregon","09-28-2022","WOAH Non-Poultry","10"
"Racine","Wisconsin","09-28-2022","Commercial Duck Meat Bird","10000"
"Sanpete","Utah","09-28-2022","Commercial Turkey Meat Bird","24400"
"Tillamook","Oregon","09-28-2022","WOAH Non-Poultry","40"
"Lincoln","Idaho","09-27-2024","WOAH Poultry","700"
"Ransom","North Dakota","09-27-2022","Commercial Turkey Meat Bird","69100"
"Goodhue","Minnesota","09-27-2022","WOAH Non-Poultry","80"
"Sanpete","Utah","09-27-2022","Commercial Turkey Meat Bird","36700"
"Sanpete","Utah","09-27-2022","Commercial Turkey Meat Bird","127200"
"Dallas","Texas","09-24-2022","WOAH Non-Poultry","60"
"Kent","Delaware","09-24-2022","WOAH Non-Poultry","30"
"Kent","Delaware","09-24-2022","WOAH Non-Poultry","10"
"Mcpherson","South Dakota","09-24-2022","Commercial Turkey Meat Bird","56900"
"Merrimack","New Hampshire","09-23-2022","WOAH Poultry","250"
"Todd","Minnesota","09-22-2022","WOAH Non-Poultry","50"
"Anne Arundel","Maryland","09-22-2022","WOAH Non-Poultry","4"
"Kingsbury","South Dakota","09-22-2022","WOAH Non-Poultry","250"
"Ward","North Dakota","09-22-2022","WOAH Poultry","60"
"Otter Tail","Minnesota","09-21-2022","Commercial Turkey Meat Bird","5900"
"Roseau","Minnesota","09-21-2022","Commercial Turkey Meat Bird","116000"
"Sanpete","Utah","09-21-2022","Commercial Turkey Meat Bird","11100"
"Weld","Colorado","09-21-2022","Commercial Table Egg Layer","1150000"
"Gooding","Idaho","09-21-2022","Commercial Upland Gamebird Producer","9000"
"Clark","South Dakota","09-20-2022","Commercial Turkey Meat Bird","41700"
"Brown","Minnesota","09-20-2022","Commercial Turkey Meat Bird","43000"
"Stearns","Minnesota","09-20-2022","Commercial Turkey Meat Bird","64600"
"Sanpete","Utah","09-20-2022","Commercial Turkey Meat Bird","73200"
"Washington","Pennsylvania","09-20-2022","WOAH Poultry","1800"
"Fresno","California","09-20-2022","WOAH Non-Poultry","100"
"Clark","South Dakota","09-20-2022","Commercial Turkey Meat Bird","23900"
"Dawes","Nebraska","09-19-2022","WOAH Non-Poultry","40"
"Macomb","Michigan","09-19-2022","WOAH Non-Poultry","40"
"Merced","California","09-18-2024","Commercial Turkey Meat Bird","64800"
"Orange","Florida","09-18-2024","Live Bird Market","2500"
"Pierce","Washington","09-16-2022","WOAH Non-Poultry","30"
"Union","New Jersey","09-15-2023","Live Bird Market","520"
"Teton","Montana","09-15-2022","WOAH Poultry","2800"
"Bristol","Massachusetts","09-15-2022","WOAH Non-Poultry","50"
"Obion","Tennessee","09-15-2022","WOAH Poultry","130"
"Summit","Ohio","09-15-2022","WOAH Non-Poultry","6"
"Fresno","California","09-15-2022","Commercial Broiler Breeder","15900"
"Allen","Ohio","09-14-2022","WOAH Non-Poultry","2"
"Otter Tail","Minnesota","09-14-2022","Commercial Turkey Breeder Hens","7900"
"Meeker","Minnesota","09-14-2022","Commercial Turkey Meat Bird","61400"
"Isanti","Minnesota","09-14-2022","WOAH Non-Poultry","4"
"Williams","Ohio","09-14-2022","WOAH Non-Poultry","60"
"Freeborn","Minnesota","09-13-2022","WOAH Non-Poultry","320"
"Sanpete","Utah","09-13-2022","Commercial Turkey Meat Bird","5800"
"Stearns","Minnesota","09-13-2022","Commercial Turkey Meat Bird","69400"
"Ingham","Michigan","09-13-2022","WOAH Poultry","20"
"Brown","Minnesota","09-13-2022","Commercial Turkey Meat Bird","43700"
"Twin Falls","Idaho","09-12-2022","WOAH Non-Poultry","40"
"El Dorado","California","09-09-2022","WOAH Non-Poultry","150"
"Fresno","California","09-09-2022","Commercial Broiler Breeder","23900"
"Becker","Minnesota","09-09-2022","Commercial Turkey Breeder Hens","17100"
"Meeker","Minnesota","09-08-2022","Commercial Turkey Meat Bird","34200"
"Morrison","Minnesota","09-07-2022","Commercial Turkey Meat Bird","50200"
"Ashland","Ohio","09-03-2022","WOAH Non-Poultry","640"
"Defiance","Ohio","09-03-2022","Commercial Table Egg Layer","3748500"
"Washington","Wisconsin","09-02-2022","WOAH Poultry","120"
"Sacramento","California","09-01-2022","WOAH Non-Poultry","20"
"Elkhart","Indiana","09-01-2022","WOAH Poultry","260"
"Cass","North Dakota","09-01-2022","WOAH Non-Poultry","6"
"Fresno","California","09-01-2022","Commercial Broiler Breeder","22900"
"Tuolumne","California","09-01-2022","Commercial Turkey Meat Bird","30800"
"Hennepin","Minnesota","09-01-2022","WOAH Non-Poultry","10"
"Tuolumne","California","08-30-2022","Commercial Turkey Meat Bird","7400"
"Sacramento","California","08-30-2022","Commercial Turkey Meat Bird","97000"
"Tuolumne","California","08-30-2022","Commercial Turkey Meat Bird","91000"
"Meeker","Minnesota","08-30-2022","Commercial Turkey Meat Bird","126400"
"Meeker","Minnesota","08-30-2022","Commercial Turkey Meat Bird","52000"
"Caroline","Virginia","08-29-2022","WOAH Non-Poultry","110"
"Cowlitz","Washington","08-26-2022","WOAH Non-Poultry","20"
"Fresno","California","08-26-2022","Commercial Broiler Breeder","34800"
"Tuolumne","California","08-26-2022","Commercial Turkey Meat Bird","161700"
"Pierce","Washington","08-25-2022","WOAH Non-Poultry","70"
"Weber","Utah","08-24-2022","WOAH Non-Poultry","20"
"Contra Costa","California","08-23-2022","WOAH Non-Poultry","60"
"Fresno","California","08-22-2022","Commercial Broiler Breeder","33900"
"Henry","Georgia","08-22-2022","WOAH Non-Poultry","80"
"Hillsborough","Florida","08-20-2024","Live Bird Market","880"
"Kitsap","Washington","08-19-2022","WOAH Non-Poultry","10"
"Walla Walla","Washington","08-18-2022","WOAH Non-Poultry","2"
"Butte","California","08-16-2022","WOAH Non-Poultry","1100"
"Osceola","Florida","08-16-2022","WOAH Non-Poultry","10"
"Northampton","Pennsylvania","08-11-2022","WOAH Poultry","90"
"Sacramento","California","08-10-2022","WOAH Non-Poultry","40"
"Miami-dade","Florida","08-05-2024","WOAH Poultry","5400"
"Kings","New York","08-03-2023","Live Bird Market","800"
"Bethel","Alaska","08-02-2022","WOAH Non-Poultry","20"
"Kings","New York","07-28-2023","Live Bird Market","490"
"Coos","Oregon","07-28-2022","WOAH Non-Poultry","20"
"Flathead","Montana","07-26-2022","WOAH Non-Poultry","7"
"Jefferson","Washington","07-26-2022","WOAH Non-Poultry","80"
"Sanpete","Utah","07-26-2022","Commercial Turkey Meat Bird","12700"
"Kings","New York","07-25-2023","Live Bird Market","570"
"Hendry","Florida","07-24-2024","WOAH Non-Poultry","5"
"Deschutes","Oregon","07-22-2022","WOAH Non-Poultry","120"
"Deschutes","Oregon","07-22-2022","WOAH Non-Poultry","90"
"Deschutes","Oregon","07-21-2022","WOAH Poultry","60"
"Seminole","Florida","07-21-2022","WOAH Non-Poultry","160"
"Weld","Colorado","07-19-2024","Commercial Table Egg Pullets","300800"
"Miami-dade","Florida","07-19-2024","Live Bird Market","80"
"Miami-dade","Florida","07-19-2024","Live Bird Market","320"
"Miami-dade","Florida","07-19-2024","Live Bird Market","390"
"Sanpete","Utah","07-19-2022","Commercial Turkey Meat Bird","23300"
"Deschutes","Oregon","07-19-2022","WOAH Poultry","100"
"Snohomish","Washington","07-19-2022","WOAH Poultry","340"
"Weld","Colorado","07-16-2024","Commercial Table Egg Layer","1313800"
"Deschutes","Oregon","07-15-2022","WOAH Poultry","60"
"Sanpete","Utah","07-14-2022","Commercial Turkey Meat Bird","15500"
"Deschutes","Oregon","07-12-2022","WOAH Poultry","100"
"Twin Falls","Idaho","07-11-2024","WOAH Non-Poultry","30"
"Renville","Minnesota","07-09-2024","Commercial Turkey Breeder Hens","15400"
"Kandiyohi","Minnesota","07-09-2024","Commercial Turkey Breeder Toms","4200"
"Kandiyohi","Minnesota","07-09-2024","Commercial Turkey Breeder Hens","21900"
"Weld","Colorado","07-08-2024","Commercial Table Egg Layer","1790800"
"Carson City","Nevada","07-07-2022","WOAH Non-Poultry","40"
"Jefferson","Washington","07-06-2022","WOAH Non-Poultry","20"
"Linn","Oregon","07-06-2022","WOAH Non-Poultry","40"
"King","Washington","07-01-2022","WOAH Poultry","220"
"Salt Lake","Utah","07-01-2022","WOAH Non-Poultry","20"
"Kitsap","Washington","07-01-2022","WOAH Non-Poultry","6"
"Yakima","Washington","06-29-2022","WOAH Non-Poultry","6"
"Cumberland","Maine","06-29-2022","WOAH Non-Poultry","20"
"Swift","Minnesota","06-27-2024","Commercial Turkey Meat Bird","25300"
"Morgan","Colorado","06-27-2024","WOAH Non-Poultry","40"
"Otter Tail","Minnesota","06-27-2024","Commercial Turkey Meat Bird","67400"
"Larimer","Colorado","06-26-2024","WOAH Non-Poultry","10"
"Stearns","Minnesota","06-24-2024","WOAH Non-Poultry","310"
"Pierce","Washington","06-24-2022","WOAH Non-Poultry","50"
"Snohomish","Washington","06-22-2022","WOAH Non-Poultry","200"
"King","Washington","06-22-2022","WOAH Non-Poultry","3"
"Yakima","Washington","06-22-2022","WOAH Non-Poultry","90"
"King","Washington","06-22-2022","WOAH Non-Poultry","9"
"Sac","Iowa","06-21-2024","Commercial Turkey Meat Bird","46100"
"Swift","Minnesota","06-18-2024","Commercial Turkey Meat Bird","113600"
"Pipestone","Minnesota","06-18-2024","Commercial Turkey Meat Bird","70800"
"Yakima","Washington","06-14-2022","WOAH Non-Poultry","30"
"Stearns","Minnesota","06-13-2024","Commercial Turkey Meat Bird","32900"
"Salt Lake","Utah","06-13-2022","WOAH Non-Poultry","70"
"Lyon","Minnesota","06-12-2024","Commercial Turkey Meat Bird","89500"
"Jerome","Idaho","06-10-2024","WOAH Non-Poultry","30"
"Weld","Colorado","06-09-2022","Commercial Table Egg Pullets","205000"
"Snohomish","Washington","06-09-2022","WOAH Non-Poultry","9"
"Allen","Indiana","06-09-2022","WOAH Non-Poultry","40"
"Yakima","Washington","06-09-2022","WOAH Non-Poultry","70"
"Snohomish","Washington","06-09-2022","WOAH Non-Poultry","30"
"Polk","Oregon","06-08-2022","WOAH Non-Poultry","90"
"Allen","Indiana","06-07-2022","WOAH Poultry","110"
"King","Washington","06-07-2022","WOAH Poultry","50"
"Weld","Colorado","06-07-2022","Commercial Table Egg Layer","1936800"
"Mchenry","North Dakota","06-06-2022","WOAH Poultry","30"
"Cherokee","Iowa","06-03-2024","Commercial Turkey Meat Bird","100000"
"Berks","Pennsylvania","06-02-2022","Commercial Duck Meat Bird","30100"
"Snohomish","Washington","06-02-2022","WOAH Non-Poultry","30"
"Toombs","Georgia","06-01-2022","WOAH Non-Poultry","490"
"Stearns","Minnesota","05-31-2024","Commercial Turkey Meat Bird","43000"
"Richland","South Carolina","05-31-2024","WOAH Non-Poultry","30"
"Becker","Minnesota","05-31-2022","WOAH Non-Poultry","40"
"Stearns","Minnesota","05-29-2024","Commercial Turkey Meat Bird","32400"
"Sioux","Iowa","05-28-2024","Commercial Table Egg Layer","4287400"
"Snohomish","Washington","05-27-2022","WOAH Non-Poultry","40"
"King","Washington","05-25-2022","WOAH Non-Poultry","20"
"Ada","Idaho","05-24-2022","WOAH Non-Poultry","30"
"King","Washington","05-24-2022","WOAH Non-Poultry","180"
"King","Washington","05-24-2022","WOAH Non-Poultry","7"
"Berks","Pennsylvania","05-23-2022","Commercial Duck Breeder","4700"
"Bayfield","Wisconsin","05-23-2022","WOAH Non-Poultry","40"
"Stearns","Minnesota","05-21-2024","Commercial Turkey Breeder Hens","6800"
"Stearns","Minnesota","05-21-2024","Commercial Turkey Meat Bird","7000"
"Morrison","Minnesota","05-21-2024","Commercial Turkey Meat Bird","51900"
"Meeker","Minnesota","05-21-2024","Commercial Table Egg Layer","1368800"
"Stearns","Minnesota","05-21-2024","Commercial Turkey Meat Bird","17100"
"Dakota","Minnesota","05-21-2022","Commercial Turkey Meat Bird","54400"
"Jerome","Idaho","05-20-2024","WOAH Poultry","80"
"Codington","South Dakota","05-20-2022","WOAH Poultry","80"
"Campbell","Wyoming","05-20-2022","WOAH Non-Poultry","30"
"Ada","Idaho","05-20-2022","WOAH Non-Poultry","7"
"Polk","Minnesota","05-20-2022","WOAH Non-Poultry","50"
"Canyon","Idaho","05-19-2022","WOAH Non-Poultry","10"
"Jefferson","Colorado","05-19-2022","WOAH Non-Poultry","10"
"Ada","Idaho","05-19-2022","WOAH Non-Poultry","30"
"Canyon","Idaho","05-19-2022","WOAH Non-Poultry","10"
"Ada","Idaho","05-19-2022","WOAH Poultry","70"
"Allen","Indiana","05-19-2022","WOAH Non-Poultry","7"
"Phelps","Missouri","05-18-2023","WOAH Non-Poultry","80"
"Rowan","North Carolina","05-18-2023","WOAH Non-Poultry","30"
"Clay","Minnesota","05-18-2022","WOAH Non-Poultry","20"
"Ada","Idaho","05-18-2022","WOAH Non-Poultry","6"
"Canyon","Idaho","05-18-2022","WOAH Non-Poultry","10"
"Berks","Pennsylvania","05-18-2022","Commercial Duck Breeder","7200"
"Canyon","Idaho","05-18-2022","WOAH Poultry","160"
"Kandiyohi","Minnesota","05-18-2022","Commercial Turkey Breeder Toms","4700"
"Canyon","Idaho","05-18-2022","WOAH Poultry","6"
"Monmouth","New Jersey","05-17-2022","WOAH Poultry","60"
"Canyon","Idaho","05-17-2022","WOAH Non-Poultry","50"
"Salt Lake","Utah","05-17-2022","WOAH Non-Poultry","30"
"Lane","Oregon","05-17-2022","WOAH Poultry","450"
"Boone","Illinois","05-17-2022","WOAH Non-Poultry","20"
"Thurston","Washington","05-17-2022","WOAH Non-Poultry","410"
"Berks","Pennsylvania","05-17-2022","Commercial Table Egg Layer","79000"
"Canyon","Idaho","05-17-2022","WOAH Poultry","30"
"Ada","Idaho","05-17-2022","WOAH Non-Poultry","20"
"Canyon","Idaho","05-17-2022","WOAH Poultry","30"
"Burke","North Dakota","05-17-2022","WOAH Non-Poultry","50"
"Ada","Idaho","05-17-2022","WOAH Poultry","9"
"Dunn","Wisconsin","05-16-2022","WOAH Non-Poultry","150"
"Berks","Pennsylvania","05-14-2022","Commercial Table Egg Breeder","83700"
"Sheridan","Wyoming","05-13-2022","WOAH Non-Poultry","20"
"Barron","Wisconsin","05-13-2022","Commercial Turkey Meat Bird","10500"
"Canyon","Idaho","05-13-2022","WOAH Non-Poultry","9"
"Lincoln","Wyoming","05-13-2022","WOAH Non-Poultry","40"
"Ada","Idaho","05-13-2022","WOAH Non-Poultry","60"
"Marinette","Wisconsin","05-13-2022","WOAH Non-Poultry","90"
"Okanogan","Washington","05-12-2022","WOAH Non-Poultry","20"
"Ada","Idaho","05-12-2022","WOAH Non-Poultry","10"
"Grant","Minnesota","05-12-2022","WOAH Non-Poultry","310"
"Whatcom","Washington","05-12-2022","WOAH Non-Poultry","80"
"Chisago","Minnesota","05-12-2022","WOAH Non-Poultry","40"
"Nobles","Minnesota","05-11-2023","WOAH Non-Poultry","100"
"Ada","Idaho","05-11-2022","WOAH Non-Poultry","4"
"Cache","Utah","05-11-2022","WOAH Non-Poultry","20"
"Clallam","Washington","05-11-2022","WOAH Non-Poultry","10"
"Pierce","Washington","05-11-2022","WOAH Non-Poultry","20"
"Clallam","Washington","05-11-2022","WOAH Non-Poultry","10"
"Chisago","Minnesota","05-11-2022","WOAH Poultry","160"
"Jerome","Idaho","05-10-2024","WOAH Poultry","1100"
"Ionia","Michigan","05-10-2024","WOAH Non-Poultry","90"
"Jerome","Idaho","05-10-2024","WOAH Non-Poultry","20"
"Lancaster","Pennsylvania","05-10-2022","Commercial Table Egg Layer","72300"
"Todd","Minnesota","05-10-2022","WOAH Non-Poultry","50"
"Berks","Pennsylvania","05-10-2022","Commercial Duck Meat Bird","37300"
"Crow Wing","Minnesota","05-10-2022","WOAH Poultry","150"
"Pierce","Washington","05-10-2022","WOAH Non-Poultry","20"
"Ada","Idaho","05-10-2022","WOAH Poultry","70"
"Muskegon","Michigan","05-10-2022","Commercial Turkey Meat Bird","35100"
"Berks","Pennsylvania","05-10-2022","Commercial Duck Breeder","23800"
"San Francisco","California","05-09-2024","Live Bird Market","700"
"Canyon","Idaho","05-09-2022","WOAH Poultry","50"
"Spokane","Washington","05-07-2022","WOAH Non-Poultry","80"
"Barron","Wisconsin","05-07-2022","Commercial Turkey Meat Bird","20100"
"Cassia","Idaho","05-06-2024","WOAH Non-Poultry","600"
"Fergus","Montana","05-06-2022","WOAH Non-Poultry","20"
"Anoka","Minnesota","05-06-2022","WOAH Non-Poultry","10"
"Oakland","Michigan","05-06-2022","WOAH Non-Poultry","50"
"Posey","Indiana","05-05-2023","WOAH Non-Poultry","20"
"Pierce","Wisconsin","05-05-2022","WOAH Non-Poultry","30"
"Linn","Oregon","05-05-2022","WOAH Non-Poultry","90"
"Pacific","Washington","05-05-2022","WOAH Poultry","40"
"Carver","Minnesota","05-04-2022","WOAH Non-Poultry","30"
"Hamlin","South Dakota","05-04-2022","WOAH Non-Poultry","20"
"Day","South Dakota","05-04-2022","WOAH Poultry","80"
"Bremer","Iowa","05-04-2022","WOAH Non-Poultry","50"
"Barron","Wisconsin","05-03-2022","Commercial Turkey Meat Bird","46700"
"Barron","Wisconsin","05-03-2022","Commercial Turkey Meat Bird","19300"
"Beadle","South Dakota","05-03-2022","Commercial Turkey Meat Bird","56200"
"Fond Du Lac","Wisconsin","05-03-2022","WOAH Non-Poultry","20"
"Berks","Pennsylvania","05-03-2022","Commercial Duck Breeder","29600"
"Kane","Illinois","05-03-2022","WOAH Non-Poultry","50"
"Berks","Pennsylvania","05-03-2022","Commercial Duck Meat Bird","74300"
"Chisago","Minnesota","05-03-2022","WOAH Non-Poultry","30"
"Sauk","Wisconsin","05-03-2022","WOAH Non-Poultry","40"
"Polk","Wisconsin","05-03-2022","WOAH Non-Poultry","120"
"Lyon","Minnesota","05-03-2022","Commercial Turkey Meat Bird","120300"
"Gratiot","Michigan","05-02-2024","Commercial Turkey Meat Bird","26400"
"Dodge","Minnesota","05-02-2024","Commercial Breeder Operation","14100"
"Clay","Florida","04-30-2024","WOAH Non-Poultry","20"
"Sequoyah","Oklahoma","04-30-2022","Commercial Broiler Breeder","13800"
"Branch","Michigan","04-30-2022","WOAH Non-Poultry","20"
"Chisago","Minnesota","04-30-2022","WOAH Non-Poultry","60"
"Chisago","Minnesota","04-30-2022","WOAH Non-Poultry","30"
"Morrison","Minnesota","04-30-2022","WOAH Non-Poultry","50"
"Fergus","Montana","04-29-2022","WOAH Non-Poultry","110"
"Matanuska Susitna","Alaska","04-29-2022","WOAH Non-Poultry","30"
"Washington","Nebraska","04-29-2022","WOAH Non-Poultry","50"
"Lancaster","Pennsylvania","04-29-2022","Commercial Duck Meat Bird","19300"
"Gallatin","Montana","04-29-2022","WOAH Non-Poultry","20"
"Weld","Colorado","04-29-2022","Commercial Table Egg Layer","1366200"
"Oconto","Wisconsin","04-29-2022","WOAH Non-Poultry","220"
"Pondera","Montana","04-29-2022","WOAH Non-Poultry","2000"
"Barron","Wisconsin","04-29-2022","WOAH Non-Poultry","150"
"Stearns","Minnesota","04-29-2022","Commercial Turkey Breeder Hens","9600"
"Wexford","Michigan","04-28-2022","WOAH Poultry","70"
"Barron","Wisconsin","04-28-2022","Commercial Turkey Meat Bird","110700"
"Carver","Minnesota","04-28-2022","WOAH Non-Poultry","20"
"Johnson","Indiana","04-28-2022","WOAH Non-Poultry","40"
"Caledonia","Vermont","04-28-2022","WOAH Non-Poultry","30"
"Swift","Minnesota","04-28-2022","WOAH Non-Poultry","20"
"Saginaw","Michigan","04-27-2022","WOAH Non-Poultry","80"
"Knox","Nebraska","04-27-2022","Commercial Table Egg Layer","2118000"
"Lancaster","Pennsylvania","04-27-2022","Commercial Broiler Breeder Pullets","18100"
"Republic","Kansas","04-27-2022","WOAH Poultry","110"
"Gratiot","Michigan","04-26-2024","Commercial Turkey Meat Bird","27700"
"Kossuth","Iowa","04-26-2022","WOAH Non-Poultry","4"
"Lancaster","Pennsylvania","04-26-2022","Commercial Table Egg Layer","307400"
"Richland","North Dakota","04-26-2022","WOAH Poultry","20"
"Missoula","Montana","04-26-2022","WOAH Non-Poultry","70"
"Cassia","Idaho","04-25-2024","WOAH Non-Poultry","40"
"Cache","Utah","04-25-2022","Commercial Table Egg Layer","1501200"
"Stearns","Minnesota","04-25-2022","Commercial Turkey Meat Bird","14600"
"Menominee","Michigan","04-25-2022","WOAH Non-Poultry","40"
"Rice","Minnesota","04-25-2022","WOAH Non-Poultry","90"
"Ottawa","Michigan","04-24-2024","Commercial Turkey Meat Bird","104000"
"Routt","Colorado","04-24-2023","WOAH Non-Poultry","20"
"Polk","Wisconsin","04-23-2022","WOAH Non-Poultry","40"
"Otter Tail","Minnesota","04-22-2022","Commercial Turkey Meat Bird","27300"
"Lancaster","Pennsylvania","04-22-2022","Commercial Broiler Production","50300"
"Yellow Medicine","Minnesota","04-22-2022","Commercial Turkey Meat Bird","49500"
"Swift","Minnesota","04-22-2022","Commercial Turkey Meat Bird","127400"
"Morrison","Minnesota","04-21-2022","Commercial Turkey Meat Bird","40900"
"Renville","North Dakota","04-21-2022","WOAH Non-Poultry","70"
"Bremer","Iowa","04-21-2022","Commercial Turkey Meat Bird","29200"
"Todd","Minnesota","04-21-2022","Commercial Turkey Meat Bird","19700"
"Todd","Minnesota","04-21-2022","Commercial Turkey Meat Bird","37000"
"Richland","North Dakota","04-21-2022","Commercial Turkey Meat Bird","27500"
"Madison","Idaho","04-20-2022","WOAH Poultry","200"
"Elkhart","Indiana","04-20-2022","Commercial Duck Meat Bird","6600"
"Todd","Minnesota","04-20-2022","Commercial Turkey Meat Bird","30300"
"Todd","Minnesota","04-20-2022","Commercial Turkey Meat Bird","30100"
"Lancaster","Pennsylvania","04-20-2022","Commercial Table Egg Layer","879400"
"Glacier","Montana","04-20-2022","WOAH Poultry","54200"
"Lancaster","Pennsylvania","04-20-2022","Commercial Table Egg Layer","1127700"
"Stearns","Minnesota","04-20-2022","Commercial Turkey Meat Bird","62800"
"Stearns","Minnesota","04-20-2022","Commercial Turkey Meat Bird","72000"
"Dickey","North Dakota","04-19-2023","Commercial Turkey Meat Bird","58500"
"Beadle","South Dakota","04-19-2023","Commercial Turkey Meat Bird","75800"
"Morrison","Minnesota","04-19-2022","Commercial Turkey Meat Bird","58100"
"Otter Tail","Minnesota","04-19-2022","Commercial Turkey Meat Bird","29700"
"Morrison","Minnesota","04-19-2022","Commercial Turkey Meat Bird","17600"
"Swift","Minnesota","04-19-2022","Commercial Turkey Meat Bird","31600"
"La Plata","Colorado","04-19-2022","WOAH Poultry","40"
"Stutsman","North Dakota","04-19-2022","WOAH Poultry","20"
"Meeker","Minnesota","04-19-2022","Commercial Turkey Meat Bird","53000"
"Kandiyohi","Minnesota","04-19-2022","Commercial Turkey Meat Bird","38700"
"Kandiyohi","Minnesota","04-19-2022","Commercial Turkey Meat Bird","35700"
"Montrose","Colorado","04-19-2022","Commercial Broiler Breeder","58000"
"Morrison","Minnesota","04-19-2022","Commercial Turkey Meat Bird","47700"
"Gooding","Idaho","04-19-2022","WOAH Non-Poultry","80"
"Kings","New York","04-18-2023","Live Bird Market","1400"
"Newaygo","Michigan","04-17-2024","Commercial Turkey Meat Bird","67200"
"Roosevelt","New Mexico","04-17-2024","Commercial Breeder (Multiple Bird Species)","51800"
"Moffat","Colorado","04-17-2023","WOAH Non-Poultry","80"
"Bonneville","Idaho","04-17-2023","WOAH Non-Poultry","40"
"Putnam","New York","04-17-2023","WOAH Poultry","110"
"Ionia","Michigan","04-16-2024","Commercial Table Egg Layer","2422700"
"Menominee","Michigan","04-16-2022","WOAH Non-Poultry","30"
"Roosevelt","New Mexico","04-15-2024","Commercial Breeder (Multiple Bird Species)","15900"
"Miami-dade","Florida","04-15-2024","Live Bird Market","90"
"Lancaster","Pennsylvania","04-15-2022","Commercial Table Egg Layer","1380500"
"Macomb","Michigan","04-15-2022","WOAH Non-Poultry","40"
"Polk","Wisconsin","04-15-2022","Commercial Turkey Meat Bird","22000"
"Livingston","Michigan","04-15-2022","WOAH Non-Poultry","20"
"Utah","Utah","04-15-2022","WOAH Non-Poultry","7"
"Rosebud","Montana","04-14-2023","WOAH Non-Poultry","0"
"Sheridan","Nebraska","04-14-2023","WOAH Non-Poultry","10"
"Gooding","Idaho","04-14-2022","WOAH Poultry","20"
"Elkhart","Indiana","04-14-2022","Commercial Duck Breeder","6400"
"Columbia","Wisconsin","04-14-2022","WOAH Non-Poultry","70"
"Sheboygan","Wisconsin","04-14-2022","WOAH Non-Poultry","20"
"Meeker","Minnesota","04-14-2022","Commercial Turkey Meat Bird","73200"
"Caribou","Idaho","04-14-2022","WOAH Non-Poultry","7"
"Blue Earth","Minnesota","04-14-2022","Commercial Turkey Meat Bird","26400"
"Lamoure","North Dakota","04-14-2022","WOAH Non-Poultry","10"
"Benton","Minnesota","04-13-2022","WOAH Non-Poultry","7"
"Waseca","Minnesota","04-13-2022","Commercial Turkey Meat Bird","20300"
"Menominee","Michigan","04-13-2022","WOAH Poultry","350"
"Otter Tail","Minnesota","04-13-2022","Commercial Turkey Meat Bird","35700"
"Blue Earth","Minnesota","04-13-2022","Commercial Turkey Meat Bird","22700"
"Deuel","South Dakota","04-13-2022","Commercial Upland Gamebird Producer","1400"
"Barnes","North Dakota","04-13-2022","WOAH Poultry","90"
"Mcpherson","Kansas","04-13-2022","Commercial Turkey Breeder Hens","6900"
"Roosevelt","New Mexico","04-12-2024","Commercial Breeder (Multiple Bird Species)","61500"
"Pueblo","Colorado","04-12-2023","WOAH Non-Poultry","30"
"Modoc","California","04-12-2023","WOAH Non-Poultry","60"
"Putnam","New York","04-12-2023","WOAH Poultry","200"
"Yellow Medicine","Minnesota","04-12-2022","Commercial Turkey Meat Bird","44800"
"Barron","Wisconsin","04-12-2022","Commercial Turkey Meat Bird","46500"
"Dixon","Nebraska","04-12-2022","Commercial Table Egg Layer","1746900"
"Benton","Minnesota","04-12-2022","WOAH Non-Poultry","130"
"Toole","Montana","04-12-2022","WOAH Non-Poultry","20"
"Morrison","Minnesota","04-12-2022","Commercial Table Egg Layer","216200"
"Morrison","Minnesota","04-12-2022","Commercial Turkey Meat Bird","37600"
"Sheridan","North Dakota","04-12-2022","WOAH Non-Poultry","30"
"Morrison","Minnesota","04-12-2022","Commercial Broiler Production","42900"
"Wayne","North Carolina","04-12-2022","Commercial Broiler Production","89700"
"Kandiyohi","Minnesota","04-12-2022","Commercial Turkey Meat Bird","37100"
"Meeker","Minnesota","04-11-2024","Commercial Turkey Meat Bird","68500"
"Menominee","Michigan","04-11-2022","WOAH Non-Poultry","70"
"Grant","Kansas","04-10-2024","WOAH Poultry","17700"
"Mitchell","Kansas","04-10-2023","WOAH Non-Poultry","30"
"Ionia","Michigan","04-09-2024","Commercial Table Egg Layer","2147500"
"Swift","Minnesota","04-09-2022","Commercial Turkey Meat Bird","130900"
"Le Sueur","Minnesota","04-09-2022","Commercial Turkey Meat Bird","37800"
"Stearns","Minnesota","04-09-2022","Commercial Turkey Meat Bird","26100"
"Yankton","South Dakota","04-09-2022","Commercial Turkey Meat Bird","76100"
"Renville","Minnesota","04-08-2022","Commercial Turkey Meat Bird","76400"
"Clark","South Dakota","04-08-2022","Commercial Turkey Meat Bird","38700"
"Otter Tail","Minnesota","04-08-2022","Commercial Turkey Meat Bird","29900"
"Pitkin","Colorado","04-08-2022","WOAH Poultry","30"
"Stutsman","North Dakota","04-08-2022","WOAH Poultry","40"
"Elkhart","Indiana","04-08-2022","Commercial Duck Breeder","4700"
"Edmunds","South Dakota","04-08-2022","Commercial Turkey Meat Bird","36400"
"Racine","Wisconsin","04-07-2022","WOAH Poultry","220"
"Judith Basin","Montana","04-07-2022","WOAH Non-Poultry","20"
"Cascade","Montana","04-07-2022","WOAH Poultry","22000"
"Kandiyohi","Minnesota","04-07-2022","Commercial Turkey Breeder Hens","20800"
"Wayne","North Carolina","04-07-2022","Commercial Turkey Meat Bird","18500"
"Wayne","North Carolina","04-06-2022","Commercial Broiler Production","216000"
"Dade","Missouri","04-06-2022","Commercial Turkey Meat Bird","14000"
"Waseca","Minnesota","04-06-2022","Commercial Turkey Meat Bird","17900"
"Mcpherson","South Dakota","04-06-2022","Commercial Turkey Meat Bird","45900"
"Fulton","New York","04-06-2022","WOAH Non-Poultry","4"
"Park","Wyoming","04-06-2022","WOAH Non-Poultry","100"
"Wayne","North Carolina","04-06-2022","Commercial Broiler Production","65600"
"Queens","New York","04-05-2023","Live Bird Market","1300"
"Morrison","Minnesota","04-05-2022","Commercial Turkey Meat Bird","26200"
"Wayne","North Carolina","04-05-2022","Commercial Turkey Meat Bird","14200"
"Waseca","Minnesota","04-05-2022","Commercial Turkey Meat Bird","25500"
"Meeker","Minnesota","04-05-2022","Commercial Turkey Meat Bird","128500"
"Stearns","Minnesota","04-05-2022","Commercial Turkey Meat Bird","40800"
"Big Stone","Minnesota","04-05-2022","Commercial Turkey Meat Bird","49500"
"Hardin","Iowa","04-05-2022","Commercial Turkey Meat Bird","46000"
"Beadle","South Dakota","04-05-2022","Commercial Turkey Meat Bird","55600"
"Orleans","New York","04-05-2022","WOAH Poultry","30"
"Clark","South Dakota","04-05-2022","Commercial Turkey Meat Bird","24000"
"Scotts Bluff","Nebraska","04-05-2022","WOAH Non-Poultry","30"
"Faulk","South Dakota","04-05-2022","Commercial Turkey Meat Bird","48000"
"Spink","South Dakota","04-05-2022","Commercial Turkey Meat Bird","26300"
"Sheridan","Wyoming","04-05-2022","WOAH Non-Poultry","50"
"Waldo","Maine","04-05-2022","WOAH Non-Poultry","50"
"Morrison","Minnesota","04-05-2022","Commercial Turkey Meat Bird","105300"
"Cass","North Dakota","04-05-2022","WOAH Non-Poultry","110"
"Lawrence","Missouri","04-05-2022","Commercial Turkey Meat Bird","27600"
"Hamilton","Iowa","04-04-2022","Commercial Turkey Poult Supplier","8100"
"Kandiyohi","Minnesota","04-04-2022","Commercial Turkey Breeder Hens","48500"
"Kandiyohi","Minnesota","04-04-2022","Commercial Turkey Breeder Hens","20400"
"Lamoure","North Dakota","04-04-2022","Commercial Turkey Meat Bird","50900"
"Kandiyohi","Minnesota","04-04-2022","Commercial Turkey Meat Bird","38500"
"Mcpherson","South Dakota","04-04-2022","Commercial Turkey Meat Bird","61000"
"Becker","Minnesota","04-04-2022","Commercial Turkey Meat Bird","44700"
"Morrison","Minnesota","04-04-2022","Commercial Turkey Meat Bird","32400"
"Le Sueur","Minnesota","04-03-2023","WOAH Non-Poultry","100"
"Dodge","Minnesota","04-03-2022","Commercial Turkey Meat Bird","20000"
"Erath","Texas","04-03-2022","Commercial Upland Gamebird Producer","1700"
"Le Sueur","Minnesota","04-03-2022","Commercial Turkey Meat Bird","19600"
"Ionia","Michigan","04-02-2024","Commercial Table Egg Layer","1928500"
"Parmer","Texas","04-02-2024","Commercial Table Egg Layer","1894100"
"Spink","South Dakota","04-02-2022","Commercial Turkey Meat Bird","41800"
"Lamoure","North Dakota","04-02-2022","Commercial Turkey Meat Bird","27400"
"Wayne","North Carolina","04-02-2022","Commercial Turkey Meat Bird","16900"
"Lake","South Dakota","04-02-2022","Commercial Turkey Meat Bird","59000"
"Sac","Iowa","04-02-2022","Commercial Turkey Meat Bird","37200"
"Johnston","North Carolina","04-02-2022","Commercial Turkey Meat Bird","18900"
"Stearns","Minnesota","04-02-2022","Commercial Turkey Meat Bird","27600"
"Johnston","North Carolina","04-02-2022","Commercial Turkey Meat Bird","9500"
"Humboldt","Iowa","04-02-2022","Commercial Table Egg Breeder","15300"
"Edmunds","South Dakota","04-01-2022","Commercial Turkey Breeder Replacement Hens","30600"
"Jasper","Missouri","04-01-2022","Commercial Turkey Meat Bird","35300"
"Rock","Wisconsin","04-01-2022","WOAH Non-Poultry","20"
"Fremont","Wyoming","04-01-2022","WOAH Non-Poultry","50"
"Charles Mix","South Dakota","04-01-2022","Commercial Turkey Meat Bird","81500"
"Dickey","North Dakota","04-01-2022","Commercial Turkey Meat Bird","60700"
"Mcpherson","South Dakota","03-31-2022","Commercial Turkey Breeder Hens","26000"
"Stearns","Minnesota","03-31-2022","WOAH Non-Poultry","150"
"Osceola","Iowa","03-31-2022","Commercial Table Egg Layer","5011700"
"Cherokee","Iowa","03-31-2022","Commercial Turkey Meat Bird","88000"
"Dickey","North Dakota","03-31-2022","WOAH Poultry","30"
"Carroll","Illinois","03-31-2022","WOAH Non-Poultry","40"
"Morrison","Minnesota","03-31-2022","Commercial Turkey Meat Bird","52600"
"Umatilla","Oregon","03-30-2023","WOAH Non-Poultry","50"
"Brule","South Dakota","03-30-2022","Commercial Turkey Meat Bird","55100"
"Buena Vista","Iowa","03-30-2022","Commercial Turkey Meat Bird","35600"
"Lincoln","Maine","03-30-2022","WOAH Non-Poultry","3"
"Park","Wyoming","03-30-2022","WOAH Non-Poultry","40"
"Lac Qui Parle","Minnesota","03-29-2022","Commercial Turkey Meat Bird","22500"
"Knox","Maine","03-29-2022","WOAH Non-Poultry","40"
"Johnson","Wyoming","03-29-2022","WOAH Non-Poultry","40"
"Spink","South Dakota","03-29-2022","Commercial Turkey Meat Bird","45900"
"Edmunds","South Dakota","03-29-2022","Commercial Turkey Breeder Hens","21900"
"Kidder","North Dakota","03-29-2022","WOAH Poultry","30"
"Monroe","New York","03-29-2022","WOAH Poultry","400"
"Bon Homme","South Dakota","03-29-2022","Commercial Turkey Meat Bird","48200"
"Franklin","Ohio","03-29-2022","WOAH Non-Poultry","8"
"Johnston","North Carolina","03-29-2022","Commercial Turkey Meat Bird","32100"
"Berkshire","Massachusetts","03-29-2022","WOAH Non-Poultry","260"
"Kandiyohi","Minnesota","03-29-2022","Commercial Turkey Meat Bird","39500"
"Guilford","North Carolina","03-28-2024","WOAH Non-Poultry","80"
"Yuma","Colorado","03-28-2023","WOAH Poultry","310"
"Hamilton","Iowa","03-28-2022","Commercial Turkey Meat Bird","25800"
"Guthrie","Iowa","03-28-2022","Commercial Table Egg Layer","1460000"
"Mcpherson","South Dakota","03-27-2022","Commercial Turkey Meat Bird","43900"
"Hutchinson","South Dakota","03-27-2022","Commercial Turkey Meat Bird","39200"
"Clark","South Dakota","03-27-2022","Commercial Turkey Meat Bird","43100"
"Holt","Nebraska","03-26-2022","WOAH Non-Poultry","50"
"Meeker","Minnesota","03-26-2022","Commercial Turkey Meat Bird","287500"
"Bon Homme","South Dakota","03-26-2022","WOAH Non-Poultry","230"
"Gentry","Missouri","03-26-2022","WOAH Non-Poultry","140"
"Washington","Maine","03-26-2022","WOAH Non-Poultry","20"
"Stearns","Minnesota","03-26-2022","Commercial Turkey Meat Bird","23500"
"Mower","Minnesota","03-26-2022","WOAH Non-Poultry","20"
"Suffolk","New York","03-25-2022","WOAH Poultry","290"
"Franklin","Iowa","03-25-2022","Commercial Table Egg Pullets","250200"
"Hutchinson","South Dakota","03-25-2022","Commercial Turkey Meat Bird","45800"
"Mitchell","Kansas","03-25-2022","WOAH Non-Poultry","20"
"Ellsworth","Kansas","03-24-2023","WOAH Non-Poultry","50"
"Arapahoe","Colorado","03-24-2023","WOAH Non-Poultry","10"
"Macomb","Michigan","03-24-2022","WOAH Non-Poultry","70"
"Buena Vista","Iowa","03-24-2022","Commercial Turkey Meat Bird","53800"
"Jerauld","South Dakota","03-24-2022","Commercial Turkey Meat Bird","44000"
"Butler","Nebraska","03-24-2022","Commercial Broiler Production","418500"
"Lapeer","Michigan","03-23-2023","WOAH Poultry","950"
"Suffolk","New York","03-23-2022","Commercial Upland Gamebird Producer","8500"
"Edmunds","South Dakota","03-23-2022","Commercial Turkey Breeder Hens","30800"
"Beadle","South Dakota","03-23-2022","Commercial Turkey Meat Bird","49900"
"Kingsbury","South Dakota","03-23-2022","Commercial Table Egg Layer","120300"
"Klamath","Oregon","03-22-2023","WOAH Non-Poultry","30"
"Hale","Texas","03-22-2023","WOAH Non-Poultry","20"
"Tompkins","New York","03-22-2023","WOAH Poultry","6500"
"Queens","New York","03-22-2023","Live Bird Market","140"
"Spink","South Dakota","03-22-2023","Commercial Upland Gamebird Producer","570"
"Cumberland","Maine","03-22-2022","WOAH Poultry","250"
"Beadle","South Dakota","03-22-2022","Commercial Turkey Meat Bird","29400"
"Charles Mix","South Dakota","03-22-2022","Commercial Turkey Meat Bird","53800"
"Hanson","South Dakota","03-22-2022","Commercial Turkey Meat Bird","94600"
"Butler","Nebraska","03-22-2022","Commercial Broiler Production","570000"
"Hillsborough","Florida","03-21-2023","Live Bird Market","340"
"Washington","New York","03-21-2023","WOAH Non-Poultry","50"
"Deaf Smith","Texas","03-20-2024","WOAH Non-Poultry","50"
"Warren","Iowa","03-20-2022","WOAH Non-Poultry","10"
"Hutchinson","South Dakota","03-20-2022","Commercial Turkey Meat Bird","50400"
"Knox","Maine","03-19-2022","WOAH Non-Poultry","20"
"York","Maine","03-19-2022","WOAH Non-Poultry","70"
"Knox","Maine","03-18-2024","WOAH Non-Poultry","40"
"Hanson","South Dakota","03-18-2022","Commercial Turkey Meat Bird","20200"
"Dickinson","Kansas","03-18-2022","WOAH Poultry","250"
"Kingsbury","South Dakota","03-18-2022","Commercial Turkey Meat Bird","39200"
"Cecil","Maryland","03-18-2022","Commercial Table Egg Pullets","315400"
"Lancaster","Pennsylvania","03-17-2023","WOAH Poultry","2500"
"Lincoln","Maine","03-17-2022","WOAH Non-Poultry","30"
"Buena Vista","Iowa","03-17-2022","Commercial Table Egg Layer","5347500"
"Kent","Delaware","03-17-2022","Commercial Broiler Production","147800"
"Sedgwick","Kansas","03-17-2022","WOAH Non-Poultry","6"
"Maries","Missouri","03-16-2023","WOAH Non-Poultry","10"
"Monroe","Mississippi","03-16-2023","WOAH Non-Poultry","30"
"Chester","Pennsylvania","03-16-2023","Commercial Turkey Meat Bird","11800"
"Lancaster","Pennsylvania","03-16-2023","WOAH Poultry","1600"
"Lancaster","Pennsylvania","03-16-2023","WOAH Poultry","2400"
"Rockingham","New Hampshire","03-16-2022","WOAH Non-Poultry","150"
"Mifflin","Pennsylvania","03-15-2023","WOAH Non-Poultry","60"
"Chickasaw","Iowa","03-15-2023","WOAH Non-Poultry","50"
"Ralls","Missouri","03-15-2022","WOAH Non-Poultry","100"
"Merrick","Nebraska","03-15-2022","WOAH Non-Poultry","90"
"Klamath","Oregon","03-14-2024","WOAH Non-Poultry","10"
"Lancaster","Pennsylvania","03-14-2023","WOAH Poultry","2400"
"Lancaster","Pennsylvania","03-14-2023","WOAH Poultry","3900"
"Eaton","Michigan","03-14-2023","WOAH Non-Poultry","20"
"Lancaster","Pennsylvania","03-14-2023","WOAH Poultry","2400"
"Lancaster","Pennsylvania","03-14-2023","WOAH Poultry","3000"
"Lancaster","Pennsylvania","03-14-2023","WOAH Poultry","3000"
"Jefferson","Wisconsin","03-14-2022","Commercial Table Egg Layer","2750700"
"York","Maine","03-14-2022","WOAH Non-Poultry","180"
"Lancaster","Pennsylvania","03-13-2023","WOAH Poultry","6000"
"Hutchinson","South Dakota","03-12-2024","Commercial Turkey Meat Bird","31200"
"Lincoln","Maine","03-12-2022","WOAH Non-Poultry","100"
"Charles Mix","South Dakota","03-12-2022","Commercial Turkey Meat Bird","37500"
"Moore","Texas","03-11-2024","WOAH Non-Poultry","280"
"Clay","Minnesota","03-11-2024","WOAH Non-Poultry","80"
"Franklin","Kansas","03-11-2022","WOAH Poultry","260"
"Mclean","Illinois","03-11-2022","WOAH Non-Poultry","40"
"Cecil","Maryland","03-10-2022","Commercial Table Egg Layer","663400"
"Taylor","Iowa","03-10-2022","Commercial Table Egg Layer","915900"
"Lawrence","Missouri","03-09-2022","Commercial Turkey Breeder Replacement Hens","37800"
"New Castle","Delaware","03-08-2022","Commercial Table Egg Pullets","243900"
"Jasper","Missouri","03-08-2022","Commercial Turkey Meat Bird","25000"
"Queen Anne's","Maryland","03-08-2022","Commercial Broiler Production","139300"
"Essex","Massachusetts","03-07-2024","WOAH Poultry","70"
"Rockingham","Virginia","03-07-2023","WOAH Non-Poultry","250"
"Lancaster","Pennsylvania","03-06-2023","WOAH Poultry","1800"
"Bingham","Idaho","03-06-2023","WOAH Non-Poultry","10"
"Lancaster","Pennsylvania","03-06-2023","WOAH Poultry","6000"
"Bucks","Pennsylvania","03-06-2023","WOAH Poultry","1700"
"Lancaster","Pennsylvania","03-06-2023","WOAH Poultry","310"
"Buena Vista","Iowa","03-06-2022","Commercial Turkey Meat Bird","49800"
"Charles Mix","South Dakota","03-05-2022","Commercial Turkey Meat Bird","44100"
"Chester","Pennsylvania","03-04-2023","WOAH Poultry","6900"
"Lancaster","Pennsylvania","03-04-2023","Commercial Turkey Meat Bird","19600"
"Lancaster","Pennsylvania","03-04-2023","Commercial Turkey Meat Bird","26600"
"Northumberland","Pennsylvania","03-04-2023","WOAH Poultry","680"
"Lancaster","Pennsylvania","03-04-2023","Commercial Duck Breeder","11300"
"Cecil","Maryland","03-04-2022","Commercial Table Egg Layer","644000"
"Stoddard","Missouri","03-04-2022","Commercial Broiler Production","294800"
"Bates","Missouri","03-04-2022","WOAH Non-Poultry","50"
"Douglas","Nevada","03-03-2023","WOAH Non-Poultry","20"
"Chester","Pennsylvania","03-03-2023","WOAH Poultry","5200"
"Dubois","Indiana","03-02-2022","Commercial Turkey Meat Bird","16500"
"Pottawattamie","Iowa","03-01-2022","WOAH Non-Poultry","40"
"New London","Connecticut","03-01-2022","WOAH Non-Poultry","160"
"Miami-dade","Florida","02-28-2023","Live Bird Market","510"
"Mahoning","Ohio","02-27-2024","WOAH Non-Poultry","140"
"Stevens","Minnesota","02-27-2024","WOAH Non-Poultry","20"
"Lancaster","Pennsylvania","02-27-2023","WOAH Poultry","4400"
"Monroe","New York","02-26-2024","WOAH Non-Poultry","20"
"Chester","Pennsylvania","02-24-2023","WOAH Poultry","3400"
"Lancaster","Pennsylvania","02-24-2023","WOAH Poultry","4000"
"Wayne","Illinois","02-24-2023","Commercial Turkey Meat Bird","18200"
"Ulster","New York","02-24-2022","WOAH Non-Poultry","70"
"Dutchess","New York","02-24-2022","WOAH Non-Poultry","200"
"Dubois","Indiana","02-24-2022","Commercial Turkey Meat Bird","36000"
"Onondaga","New York","02-23-2024","WOAH Non-Poultry","10"
"Allen","Indiana","02-23-2024","WOAH Non-Poultry","50"
"Dallas","Missouri","02-23-2024","WOAH Poultry","20300"
"Lancaster","Pennsylvania","02-23-2023","WOAH Poultry","2000"
"Moffat","Colorado","02-23-2023","WOAH Non-Poultry","40"
"Alexandria City","Virginia","02-23-2023","Live Bird Market","800"
"Knox","Maine","02-23-2022","WOAH Non-Poultry","100"
"Greene","Indiana","02-23-2022","Commercial Turkey Meat Bird","15400"
"Kalamazoo","Michigan","02-23-2022","WOAH Non-Poultry","30"
"Greene","Indiana","02-23-2022","Commercial Turkey Meat Bird","48200"
"Charles","Maryland","02-22-2024","WOAH Non-Poultry","30"
"Lancaster","Pennsylvania","02-22-2023","WOAH Poultry","4200"
"New Castle","Delaware","02-22-2022","Commercial Table Egg Layer","1046900"
"Dallas","Missouri","02-21-2024","Commercial Turkey Meat Bird","28500"
"Dallas","Missouri","02-21-2024","Commercial Turkey Meat Bird","12300"
"Franklin","Ohio","02-21-2024","WOAH Non-Poultry","10"
"Dallas","Missouri","02-21-2024","Commercial Turkey Meat Bird","31000"
"Lancaster","Pennsylvania","02-21-2023","Commercial Broiler Production","97700"
"Lincoln","Nebraska","02-21-2023","WOAH Poultry","420"
"Duplin","North Carolina","02-20-2024","Commercial Turkey Meat Bird","20900"
"Knox","Maine","02-19-2022","WOAH Non-Poultry","30"
"Suffolk","New York","02-18-2022","WOAH Non-Poultry","8"
"Copiah","Mississippi","02-17-2023","WOAH Poultry","50"
"San Joaquin","California","02-17-2023","WOAH Non-Poultry","160"
"Tioga","Pennsylvania","02-17-2023","WOAH Non-Poultry","50"
"Kanawha","West Virginia","02-16-2024","WOAH Non-Poultry","250"
"Dubois","Indiana","02-16-2022","Commercial Turkey Meat Bird","26600"
"Columbia","New York","02-15-2023","WOAH Poultry","250"
"Webster","Kentucky","02-15-2022","Commercial Turkey Meat Bird","53300"
"Hillsborough","Florida","02-14-2023","WOAH Non-Poultry","10"
"Benton","Washington","02-14-2023","WOAH Non-Poultry","60"
"Carroll","Missouri","02-13-2023","WOAH Non-Poultry","9"
"Doniphan","Kansas","02-13-2023","WOAH Non-Poultry","30"
"Twin Falls","Idaho","02-12-2024","WOAH Non-Poultry","20"
"Schuylkill","Pennsylvania","02-12-2024","WOAH Non-Poultry","30"
"Fauquier","Virginia","02-12-2022","WOAH Non-Poultry","90"
"Fulton","Kentucky","02-12-2022","Commercial Broiler Production","231400"
"Lenoir","North Carolina","02-09-2024","Commercial Turkey Meat Bird","32400"
"Owyhee","Idaho","02-08-2024","WOAH Non-Poultry","9"
"Delta","Colorado","02-08-2024","Commercial Broiler Breeder","66500"
"Miami-dade","Florida","02-08-2024","Live Bird Market","1500"
"Lancaster","Pennsylvania","02-08-2023","WOAH Poultry","20300"
"Mitchell","Kansas","02-08-2023","Commercial Upland Gamebird Producer","17000"
"Dubois","Indiana","02-08-2022","Commercial Turkey Meat Bird","29000"
"Allegheny","Pennsylvania","02-07-2023","WOAH Non-Poultry","20"
"Leake","Mississippi","02-07-2023","Commercial Broiler Production","89800"
"Essex","Massachusetts","02-06-2024","WOAH Non-Poultry","20"
"Wayne","Pennsylvania","02-06-2024","WOAH Non-Poultry","360"
"Gage","Nebraska","02-06-2024","Commercial Broiler Production","102000"
"Merced","California","02-06-2023","Commercial Duck Breeder","29100"
"Placer","California","02-06-2023","WOAH Non-Poultry","30"
"Hancock","Maine","02-06-2023","WOAH Non-Poultry","30"
"Kennebec","Maine","02-06-2023","WOAH Non-Poultry","40"
"Park","Wyoming","02-06-2023","WOAH Non-Poultry","10"
"San Joaquin","California","02-06-2023","WOAH Non-Poultry","8"
"Lancaster","Pennsylvania","02-01-2023","WOAH Poultry","2700"
"Lancaster","Pennsylvania","02-01-2023","Commercial Duck Meat Bird","32800"
"Placer","California","01-31-2024","WOAH Non-Poultry","20"
"Merced","California","01-29-2025","Commercial Duck Meat Bird","92400"
"Madera","California","01-29-2025","Commercial Duck Meat Bird","69500"
"Jackson","Indiana","01-28-2025","Commercial Table Egg Layer","586100"
"Lehigh","Pennsylvania","01-28-2025","WOAH Poultry","47900"
"Mcdonald","Missouri","01-28-2025","Commercial Broiler Breeder","0"
"Newton","Missouri","01-28-2025","Commercial Turkey Meat Bird","14300"
"Kent","Delaware","01-28-2025","Commercial Broiler Production","145800"
"Sampson","North Carolina","01-28-2025","Commercial Turkey Breeder Hens","24100"
"Shelby","Indiana","01-28-2025","WOAH Non-Poultry","0"
"Adams","Indiana","01-27-2025","Commercial Turkey Meat Bird","19900"
"Mercer","Ohio","01-27-2025","Commercial Turkey Meat Bird","5100"
"Mercer","Ohio","01-27-2025","Commercial Turkey Meat Bird","12600"
"Mercer","Ohio","01-27-2025","Commercial Turkey Meat Bird","9300"
"Ulster","New York","01-27-2025","WOAH Non-Poultry","8"
"Kearney","Nebraska","01-27-2025","WOAH Non-Poultry","90"
"Mercer","Ohio","01-27-2025","Commercial Duck Meat Bird","12600"
"Pinal","Arizona","01-27-2025","Commercial Table Egg Layer","316600"
"Hancock","Maine","01-27-2023","WOAH Non-Poultry","40"
"De Soto","Florida","01-26-2024","WOAH Non-Poultry","660"
"Kennebec","Maine","01-25-2024","WOAH Non-Poultry","40"
"Daviess","Indiana","01-25-2024","Commercial Turkey Meat Bird","13100"
"Buena Vista","Iowa","01-25-2023","Commercial Turkey Meat Bird","27700"
"Polk","Oregon","01-25-2023","WOAH Non-Poultry","20"
"Rockingham","Virginia","01-25-2023","Commercial Turkey Meat Bird","11100"
"Rowan","North Carolina","01-25-2023","WOAH Non-Poultry","2"
"Suffolk","New York","01-25-2023","WOAH Non-Poultry","10"
"Newton","Missouri","01-24-2025","Commercial Table Egg Layer","1149400"
"Franklin","Washington","01-24-2025","Commercial Table Egg Layer","307800"
"Cleveland","Arkansas","01-24-2025","Commercial Broiler Breeder","19500"
"Allen","Indiana","01-24-2025","Commercial Table Egg Layer","26100"
"Mercer","Ohio","01-24-2025","Commercial Turkey Meat Bird","9500"
"Darke","Ohio","01-24-2025","Commercial Turkey Meat Bird","22300"
"Mercer","Ohio","01-24-2025","Commercial Turkey Meat Bird","18500"
"Mercer","Ohio","01-24-2025","Commercial Turkey Meat Bird","19600"
"Plymouth","Massachusetts","01-24-2025","WOAH Non-Poultry","30"
"Darke","Ohio","01-24-2025","Commercial Table Egg Layer","1818000"
"Mercer","Ohio","01-24-2025","Commercial Turkey Meat Bird","5100"
"Mcdonald","Missouri","01-24-2025","Primary Broiler Breeder Pedigree Farm","650"
"Wadena","Minnesota","01-24-2025","Commercial Turkey Meat Bird","300600"
"New Haven","Connecticut","01-24-2025","WOAH Non-Poultry","30"
"Orange","Florida","01-24-2025","WOAH Non-Poultry","1"
"Windsor","Vermont","01-24-2025","WOAH Non-Poultry","20"
"Washington","Rhode Island","01-24-2025","WOAH Non-Poultry","50"
"Mercer","Ohio","01-23-2025","Commercial Table Egg Layer","1468900"
"Mercer","Ohio","01-23-2025","Commercial Turkey Meat Bird","11200"
"Darke","Ohio","01-23-2025","Commercial Table Egg Pullets","349200"
"Mercer","Ohio","01-23-2025","Commercial Table Egg Layer","85000"
"Yolo","California","01-23-2025","WOAH Non-Poultry","6"
"Edmunds","South Dakota","01-23-2024","Commercial Upland Gamebird Producer","22200"
"Belknap","New Hampshire","01-23-2023","WOAH Non-Poultry","40"
"Jasper","Missouri","01-22-2025","Commercial Turkey Meat Bird","49400"
"Cleveland","Arkansas","01-22-2025","Commercial Broiler Production","106900"
"Dorchester","Maryland","01-22-2025","Commercial Broiler Production","143900"
"Newton","Missouri","01-22-2025","Commercial Turkey Meat Bird","21300"
"Lawrence","Missouri","01-22-2025","Commercial Turkey Meat Bird","52400"
"Cook","Illinois","01-22-2025","WOAH Poultry","500"
"Newton","Missouri","01-22-2025","Commercial Turkey Meat Bird","23000"
"Orangeburg","South Carolina","01-22-2024","WOAH Non-Poultry","40"
"Mitchell","Kansas","01-22-2024","Commercial Upland Gamebird Producer","5800"
"Accomack","Virginia","01-21-2025","Commercial Broiler Production","441000"
"Elbert","Georgia","01-21-2025","Commercial Broiler Production","130400"
"Caroline","Maryland","01-21-2025","Commercial Broiler Production","108400"
"Umatilla","Oregon","01-21-2025","WOAH Non-Poultry","50"
"Newton","Missouri","01-21-2025","Commercial Table Egg Layer","1175800"
"Weakley","Tennessee","01-20-2023","Commercial Broiler Production","267800"
"Larimer","Colorado","01-20-2023","WOAH Non-Poultry","70"
"Rockingham","Virginia","01-19-2023","Commercial Turkey Meat Bird","25300"
"El Dorado","California","01-19-2023","WOAH Non-Poultry","20"
"Snohomish","Washington","01-19-2023","WOAH Non-Poultry","20"
"Merced","California","01-18-2024","Commercial Table Egg Pullets","285600"
"Licking","Ohio","01-18-2023","WOAH Non-Poultry","30"
"Lampasas","Texas","01-18-2023","WOAH Poultry","70"
"Darke","Ohio","01-17-2025","Commercial Table Egg Pullets","196000"
"Suffolk","New York","01-17-2025","Commercial Duck Meat Bird","101000"
"Jay","Indiana","01-17-2025","Commercial Turkey Meat Bird","18800"
"Elbert","Georgia","01-17-2025","Commercial Broiler Breeder","45500"
"Darke","Ohio","01-17-2025","Commercial Table Egg Layer","103200"
"Horry","South Carolina","01-17-2024","WOAH Non-Poultry","190"
"Mitchell","Kansas","01-17-2023","Commercial Upland Gamebird Producer","6900"
"Wayne","Michigan","01-16-2025","WOAH Non-Poultry","120"
"Queen Anne's","Maryland","01-16-2025","Commercial Broiler Production","146900"
"Greene","Tennessee","01-16-2025","WOAH Non-Poultry","30"
"Dakota","Minnesota","01-16-2025","Commercial Turkey Meat Bird","79500"
"Mercer","Ohio","01-16-2025","Commercial Table Egg Layer","1432000"
"Riverside","California","01-16-2025","Commercial Table Egg Pullets","208200"
"Jay","Indiana","01-16-2025","Commercial Table Egg Layer","353300"
"Barnstable","Massachusetts","01-16-2024","WOAH Non-Poultry","150"
"Mitchell","Kansas","01-16-2024","WOAH Poultry","220"
"Cascade","Montana","01-16-2024","WOAH Non-Poultry","50"
"Spink","South Dakota","01-16-2024","Commercial Raised for Release Upland Game Bird","1900"
"New London","Connecticut","01-15-2025","WOAH Non-Poultry","20"
"Darke","Ohio","01-15-2025","Commercial Turkey Meat Bird","15800"
"Owyhee","Idaho","01-15-2025","WOAH Non-Poultry","30"
"Darke","Ohio","01-15-2025","Commercial Turkey Meat Bird","5300"
"Mercer","Ohio","01-15-2025","Commercial Turkey Meat Bird","10400"
"Darke","Ohio","01-15-2025","Commercial Turkey Meat Bird","5300"
"Hillsborough","Florida","01-14-2025","Live Bird Market","280"
"Orange","Florida","01-14-2025","Live Bird Market","1300"
"Caroline","Maryland","01-14-2025","Commercial Broiler Production","228300"
"Newton","Missouri","01-14-2025","Commercial Table Egg Layer","1585100"
"Mercer","Ohio","01-14-2025","Commercial Turkey Meat Bird","4500"
"Darke","Ohio","01-14-2025","Commercial Turkey Meat Bird","9900"
"Culebra","Puerto Rico","01-13-2025","WOAH Poultry","380"
"Phillips","Kansas","01-13-2025","WOAH Non-Poultry","60"
"Tehama","California","01-12-2023","WOAH Poultry","23700"
"Mitchell","Kansas","01-11-2024","Commercial Raised for Release Upland Game Bird","1400"
"Douglas","Oregon","01-11-2023","WOAH Non-Poultry","0"
"Gregory","South Dakota","01-10-2025","WOAH Non-Poultry","90"
"Sherburne","Minnesota","01-10-2024","WOAH Non-Poultry","10"
"Mitchell","Kansas","01-10-2024","Commercial Upland Gamebird Producer","32000"
"Mitchell","Kansas","01-10-2024","Commercial Upland Gamebird Producer","3700"
"York","Maine","01-10-2024","WOAH Non-Poultry","60"
"Cascade","Montana","01-10-2023","WOAH Non-Poultry","10"
"Burnet","Texas","01-09-2025","WOAH Non-Poultry","10"
"Kent","Delaware","01-09-2025","Commercial Broiler Production","194800"
"Brazoria","Texas","01-09-2025","WOAH Non-Poultry","90"
"Clayton","Georgia","01-09-2025","WOAH Non-Poultry","10"
"Oakland","Michigan","01-09-2025","WOAH Non-Poultry","100"
"Darke","Ohio","01-09-2025","Commercial Turkey Meat Bird","21100"
"Canyon","Idaho","01-09-2025","WOAH Non-Poultry","50"
"Union","Oregon","01-09-2025","WOAH Poultry","380"
"Sonoma","California","01-09-2023","WOAH Non-Poultry","6"
"Sonoma","California","01-09-2023","WOAH Non-Poultry","20"
"Scotts Bluff","Nebraska","01-09-2023","WOAH Non-Poultry","7"
"San Joaquin","California","01-09-2023","WOAH Non-Poultry","10"
"Darke","Ohio","01-08-2025","Commercial Table Egg Layer","245300"
"Perry","Missouri","01-08-2025","WOAH Non-Poultry","20"
"Sacramento","California","01-08-2024","WOAH Non-Poultry","30"
"Arapahoe","Colorado","01-08-2024","WOAH Non-Poultry","20"
"Merced","California","01-08-2024","WOAH Non-Poultry","30"
"Jay","Indiana","01-07-2025","Commercial Turkey Meat Bird","20300"
"Hanson","South Dakota","01-07-2025","WOAH Non-Poultry","50"
"Hyde","North Carolina","01-07-2025","Commercial Table Egg Layer","3314900"
"Clinton","Iowa","01-07-2025","WOAH Non-Poultry","40"
"Palm Beach","Florida","01-07-2025","WOAH Non-Poultry","4"
"Olmsted","Minnesota","01-06-2025","WOAH Non-Poultry","120"
"Weld","Colorado","01-06-2023","WOAH Non-Poultry","40"
"Thurston","Washington","01-06-2023","WOAH Non-Poultry","120"
"Washburn","Wisconsin","01-05-2024","Commercial Turkey Meat Bird","41000"
"Codington","South Dakota","01-05-2023","WOAH Poultry","140"
"Kent","Delaware","01-04-2025","Commercial Broiler Production","125000"
"Ottawa","Michigan","01-04-2025","Commercial Turkey Meat Bird","47000"
"Ottawa","Michigan","01-04-2025","Commercial Turkey Meat Bird","55200"
"Rice","Kansas","01-04-2024","Commercial Table Egg Pullets","240000"
"Anderson","Kansas","01-04-2023","Commercial Upland Gamebird Producer","8900"
"Josephine","Oregon","01-04-2023","WOAH Non-Poultry","30"
"Johnson","Missouri","01-04-2023","WOAH Non-Poultry","30"
"Stanislaus","California","01-03-2025","Commercial Broiler Production","0"
"Canyon","Idaho","01-03-2025","WOAH Non-Poultry","20"
"Butte","California","01-03-2025","Commercial Raised for Release Upland Game Bird","44700"
"Canyon","Idaho","01-03-2025","WOAH Non-Poultry","20"
"Pocahontas","West Virginia","01-03-2025","WOAH Poultry","9"
"Canyon","Idaho","01-03-2025","WOAH Non-Poultry","70"
"Sharp","Arkansas","01-03-2025","WOAH Non-Poultry","20"
"Canyon","Idaho","01-03-2025","WOAH Non-Poultry","20"
"Sonoma","California","01-03-2024","Commercial Broiler Production","77900"
"Merced","California","01-03-2024","Commercial Broiler Production","534800"
"Merced","California","01-03-2024","Commercial Table Egg Layer","764300"
"Stanislaus","California","01-02-2025","Commercial Table Egg Layer","75200"
